source_key,name,source_type,address,neighborhood,section_code,query,normalized_address,latitude,longitude,accepted,confidence,score,reason,geocoding_source
"pdf-2026-06-30-001","Virgen del a Merced(Amalia)","Plaza","Lavaissey Entre Rios","Toledo","1","Lavaisse y Entre Rios","LAVAISSE (ESQUINA ENTRE RIOS), San Miguel de Tucumán, Capital, Tucumán, San Miguel de Tucuman, Capital, Tucuman","-26.856469623","-65.206112662","true","media","10.00","calle_o_tramo_aproximado","Georef Argentina v2"
"pdf-2026-06-30-002","Antartida Argentina","Plazoleta","Bernabe Araoz1700y Jose Malabia","Sgto Lay","1","Bernabe Araoz 1700 y Jose Malabia, Sgto Lay, San Miguel de Tucuman, Tucuman, Argentina","","","","false","revisar","","sin_resultado_confiable",""
"pdf-2026-06-30-003","Juan Gutemberg","Plazoleta","Democraciay Ayacucho","EIGrafico/Diza","1","Democracia y Ayacucho","AV DEMOCRACIA (ESQUINA AYACUCHO), San Miguel de Tucumán, Capital, Tucumán, San Miguel de Tucuman, Capital, Tucuman","-26.866821907","-65.219257716","true","media","10.00","calle_o_tramo_aproximado","Georef Argentina v2"
"pdf-2026-06-30-004","Villa Amalia2-Boulevard Magallanes","Plazoleta","Hernandode Magallanes300,entrelas Herasy Congreso","Villa Amalia","1","Hernandode Magallanes 300,entre las Heras y Congreso, Villa Amalia, San Miguel de Tucuman, Tucuman, Argentina","","","","false","revisar","","sin_resultado_confiable",""
"pdf-2026-06-30-005","Ingreso San Cayetano","Plazoleta","Beruttiy Anselmo Rojo","","1","Berutti y Anselmo Rojo","BERUTI (ESQUINA DIAG ANSELMO ROJO), San Miguel de Tucumán, Capital, Tucumán, San Miguel de Tucuman, Capital, Tucuman","-26.855578682","-65.193003503","true","media","10.00","calle_o_tramo_aproximado","Georef Argentina v2"
"pdf-2026-06-30-006","Juan Pabloll(delarteycultura)","Plaza","Mejico4300-Gregorio V.de Andrade1900","Congreso","1","Mejico 4300 Gregorio V.de Andrade 1900, Congreso, San Miguel de Tucuman, Tucuman, Argentina","","","","false","revisar","","sin_resultado_confiable",""
"pdf-2026-06-30-007","Alberto Garcia Hamilton","Plaza","Ecuador4200","o'Connors","1","Ecuador 4200, o'Connors, San Miguel de Tucuman, Tucuman, Argentina","Ecuador, O'Connors, San Miguel de Tucumán, Departamento Capital, Tucumán, T4000, Argentina","-26.7974208","-65.2541102","true","media","3.75","calle_o_tramo_aproximado","OpenStreetMap Nominatim"
"pdf-2026-06-30-008","Capitan Can dela ria","Plaza","Suipacha1300","Villa Urquiza","1","Suipacha 1300, Villa Urquiza, San Miguel de Tucuman, Tucuman, Argentina","Suipacha, Villa Urquiza, Vial 1, San Miguel de Tucumán, Departamento Capital, Tucumán, T4000, Argentina","-26.804119","-65.2109846","true","media","4.75","calle_o_tramo_aproximado","OpenStreetMap Nominatim"
"pdf-2026-06-30-009","Francisco Jose Ponssa","Plaza","Juramentoala Banderay Yamandu Rodriguez","Las Brisas","1","Juramentoala Bandera y Yamandu Rodriguez, Las Brisas, San Miguel de Tucuman, Tucuman, Argentina","","","","false","revisar","","sin_resultado_confiable",""
"pdf-2026-06-30-010","Jose Sortheix","Plaza","Americo Vespucio1600,esquina Prospero Mena","Juan BTeran","1","Plaza Jose Sortheix, San Miguel de Tucuman, Tucuman, Argentina","Plaza José Sortheix, San Miguel de Tucumán, Departamento Capital, Tucumán, 4000, Argentina","-26.8537522","-65.2295506","true","alta","7.00","nombre_del_espacio","OpenStreetMap Nominatim"
"pdf-2026-06-30-011","Juan Crisostomo Mendez","Plazoleta","Pje.Vega1065y La Rioja","EICruce","1","Pasaje Vega 1065 y La Rioja, EICruce, San Miguel de Tucuman, Tucuman, Argentina","","","","false","revisar","","sin_resultado_confiable",""
"pdf-2026-06-30-012","Dolores Cordoba del a Vega","Plazoleta","Saavedra2300","Aguas Corrientes","1","Saavedra 2300, Aguas Corrientes, San Miguel de Tucuman, Tucuman, Argentina","Cornelio Saavedra, Aguas corrientes, Vial 1, San Miguel de Tucumán, Departamento Capital, Tucumán, T4000, Argentina","-26.7951809","-65.2256303","true","media","4.75","calle_o_tramo_aproximado","OpenStreetMap Nominatim"
"pdf-2026-06-30-013","Mario Bravo","Plazoleta","Asunci6n1100y Pje.Arenales","EIBosque","1","Asunci 6 n 1100 y Pasaje Arenales, EIBosque, San Miguel de Tucuman, Tucuman, Argentina","","","","false","revisar","","sin_resultado_confiable",""
"pdf-2026-06-30-014","Rev.Padre Jose Punta","Plazoleta","Isabella Catlica1800,esquina San Miguel","Gas del estado","1","Isabella Catlica 1800,esquina San Miguel, Gas del estado, San Miguel de Tucuman, Tucuman, Argentina","","","","false","revisar","","sin_resultado_confiable",""
"pdf-2026-06-30-015","Pujyana","Plaza","Santiago3200","SITRAVII","1","Santiago 3200, San Miguel de Tucuman, Tucuman, Argentina","Santiago del Estero, San Miguel de Tucumán, Departamento Capital, Tucumán, T4000, Argentina","","","false","revisar","2.75","calle_o_tramo_aproximado",""
"pdf-2026-06-30-016","Republicade Bolivia","Plaza","Av.Matede Lunay Av.America(hasta Pje.Del Prado)","Belgrano","1","Avenida Matede Luna y Avenida America hasta Pasaje Del Prado, Belgrano, San Miguel de Tucuman, Tucuman, Argentina","","","","false","revisar","","sin_resultado_confiable",""
"pdf-2026-06-30-017","SMATAI","Plazoleta","Batalla de Boyacay Adolfo Alsina.Detras dela Coca.Son dos plazas","SMATAI","1","Batalla de Boyaca y Adolfo Alsina.Detras dela Coca.Son dos plazas, SMATAI, San Miguel de Tucuman, Tucuman, Argentina","","","","false","revisar","","sin_resultado_confiable",""
"pdf-2026-06-30-018","Capitan Medina","Plazoleta","Pje.Juan Cruz Varela entre38/51NOy Paso del os Andes.","16de Junio","1","Pasaje Juan Cruz Varela entre 38 51 NOy Paso del os Andes., 16de Junio, San Miguel de Tucuman, Tucuman, Argentina","","","","false","revisar","","sin_resultado_confiable",""
"pdf-2026-06-30-019","Sin nombre","Plazoleta","Rafael Obligadoy Calle63NO","Telefonico","1","Rafael Obligado y Calle 63 NO, Telefonico, San Miguel de Tucuman, Tucuman, Argentina","","","","false","revisar","","sin_resultado_confiable",""
"pdf-2026-06-30-020","Anselmo Rojo","Terraplen","Anselmo Rojodesde Belisario Lopezhasta Rotondade San Cayetano","","1","Anselmo Rojo, San Miguel de Tucuman, Tucuman, Argentina","Diagonal Anselmo Rojo, San Cayetano, San Miguel de Tucumán, Departamento Capital, Tucumán, T4000, Argentina","-26.8503832","-65.1959596","true","media","6.00","calle_o_tramo_aproximado","OpenStreetMap Nominatim"
"pdf-2026-06-30-021","S/N","Plaza","Lidoro Quinterosy San Genaro P.U.471","314Viviendas","7","Plaza S N, San Miguel de Tucuman, Tucuman, Argentina","Plaza Perú, San Miguel de Tucumán, Departamento Capital, Tucumán, T4000, Argentina","","","false","revisar","1.00","coincidencia_aproximada",""
"pdf-2026-06-30-022","B°130Viviendas","Platabanda","AV.71Noreste Desde Cuba hasta Atahualpa- P.U.1-371-372-374-377-39-40-37-371-PARTE DEL P.U38-(SIN","","7","Avenida 71 Noreste Desde Cuba hasta Atahualpa, San Miguel de Tucuman, Tucuman, Argentina","","","","false","revisar","","sin_resultado_confiable",""
"pdf-2026-06-30-023","Banda del Rio Sali","Acceso"," PLAZA HEROESDE MALVINAY P.U.375) OBEID","","7","Banda del Rio Sali, San Miguel de Tucuman, Tucuman, Argentina","Escuela Secundaria Antártida Argentina, RP302, Los Vera, Municipio de Ranchillos y San Miguel, Departamento Cruz Alta, Tucumán, 4178, Argentina","","","false","revisar","0.00","coincidencia_aproximada",""
"pdf-2026-06-30-024","Deodora Roco","Plaza","Pje.Saenz Penia3700","Cooperget","2","Pasaje Saenz Penia 3700, Cooperget, San Miguel de Tucuman, Tucuman, Argentina","","","","false","revisar","","sin_resultado_confiable",""
"pdf-2026-06-30-025","Don Bosco","Plaza","Santiago delestero 1800,esquina Pje.Felix Frias","Don Bosco","2","Santiago delestero 1800,esquina Pasaje Felix Frias, Don Bosco, San Miguel de Tucuman, Tucuman, Argentina","","","","false","revisar","","sin_resultado_confiable",""
"pdf-2026-06-30-026","San Expedito(Campora)","Plaza","Ayacucho4100y Araujo","Blasco","2","Ayacucho 4100 y Araujo, Blasco, San Miguel de Tucuman, Tucuman, Argentina","","","","false","revisar","","sin_resultado_confiable",""
"pdf-2026-06-30-027","Centenario","Plaza","Alsinaentre Morenoy Entre Rios","Vvilla Alem","2","Alsina entre Moreno y Entre Rios","ADOLFO ALSINA (ENTRE MORENO Y ENTRE RIOS), San Miguel de Tucumán, Capital, Tucumán, San Miguel de Tucuman, Capital, Tucuman","-26.845830904","-65.2027435785","true","media","11.00","calle_o_tramo_aproximado","Georef Argentina v2"
"pdf-2026-06-30-028","Leopoldo Marechal","Plaza","Alsina,entre Pje.Neuqueny Entre Rios","Villa Alem","2","Alsina,entre Pasaje Neuquen y Entre Rios, Villa Alem, San Miguel de Tucuman, Tucuman, Argentina","","","","false","revisar","","sin_resultado_confiable",""
"pdf-2026-06-30-029","Juana Manso","Plaza","Eugenio Mendez400","San Cayetano","2","Eugenio Mendez 400, San Cayetano, San Miguel de Tucuman, Tucuman, Argentina","400, Eugenio Mendez, San Cayetano, Villa Alem, San Miguel de Tucumán, Departamento Capital, Tucumán, T4000, Argentina","-26.8511105","-65.1975294","true","alta","9.25","direccion_con_altura","OpenStreetMap Nominatim"
"pdf-2026-06-30-030","M.M.de Guemes","Plaza","Fortunata Garciay Ayacucho","Eva Peron","2","Fortunata Garcia y Ayacucho","FORTUNATA GARCIA (ESQUINA AYACUCHO), San Miguel de Tucumán, Capital, Tucumán, San Miguel de Tucuman, Capital, Tucuman","-26.852009243","-65.214607406","true","media","11.00","calle_o_tramo_aproximado","Georef Argentina v2"
"pdf-2026-06-30-031","Almafuerte","Plazoleta","Pasaje Einsteiny La Rioja","Los Andes","2","Pasaje Einstein y La Rioja, Los Andes, San Miguel de Tucuman, Tucuman, Argentina","","","","false","revisar","","sin_resultado_confiable",""
"pdf-2026-06-30-032","Lozano Munoz","Plaza","Sargento Cabral2100","Echeverria","2","Sargento Cabral 2100, Echeverria, San Miguel de Tucuman, Tucuman, Argentina","Sargento Juan Bautista Cabral, Echeverría, San Miguel de Tucumán, Departamento Capital, Tucumán, T4000, Argentina","-26.7962747","-65.2298527","true","media","5.50","calle_o_tramo_aproximado","OpenStreetMap Nominatim"
"pdf-2026-06-30-033","8*Blasco","Ingreso","PU:44y69 COOP.REMACOOP","","2","Ingreso 8*Blasco, San Miguel de Tucuman, Tucuman, Argentina","","","","false","revisar","","sin_resultado_confiable",""
"pdf-2026-06-30-034","Miguel Campero","Plaza","Colombia4600","Los Tarcos Ill","3","Colombia 4600, San Miguel de Tucuman, Tucuman, Argentina","Colombia, Kennedy, San Miguel de Tucumán, Departamento Capital, Tucumán, T4000, Argentina","","","false","revisar","2.75","calle_o_tramo_aproximado",""
"pdf-2026-06-30-035","Juan Eduardo Tenreyro","Plaza","Ollerosy Av.Colon2200","Sutiaga","3","Olleros y Avenida Colon 2200, Sutiaga, San Miguel de Tucuman, Tucuman, Argentina","","","","false","revisar","","sin_resultado_confiable",""
"pdf-2026-06-30-036","Alberto Rouges","Plazoleta","O'Higgins1900y Pje.Jose Benito Gonzalez","Los Vasquez","3","O'Higgins 1900 y Pasaje Jose Benito Gonzalez, Los Vasquez, San Miguel de Tucuman, Tucuman, Argentina","","","","false","revisar","","sin_resultado_confiable",""
"pdf-2026-06-30-037","Italia","Boulevard","Italiaentre Balcarcey25de Mayo","","3","Italia, San Miguel de Tucuman, Tucuman, Argentina","Italia, Jardín, Villa Luján, San Miguel de Tucumán, Departamento Capital, Tucumán, T4000, Argentina","-26.8078246","-65.242579","true","media","3.50","calle_o_tramo_aproximado","OpenStreetMap Nominatim"
"pdf-2026-06-30-038","Sin nombre","Platabanda","Av.Belgrano,Caminodel Peru,Viamonte","","3","Avenida Belgrano,Caminodel Peru,Viamonte, San Miguel de Tucuman, Tucuman, Argentina","","","","false","revisar","","sin_resultado_confiable",""
"pdf-2026-06-30-039","Sin nombre","Platabanda","Av.Matede Luna,Caminodel Peru,Viamonte","","3","Avenida Matede Luna,Caminodel Peru,Viamonte, San Miguel de Tucuman, Tucuman, Argentina","","","","false","revisar","","sin_resultado_confiable",""
"pdf-2026-06-30-040","Sin nombre","Platabanda","Catamarcaentre Santiagoe Italia","","3","Catamarca entre Santiagoe Italia, San Miguel de Tucuman, Tucuman, Argentina","","","","false","revisar","","sin_resultado_confiable",""
"pdf-2026-06-30-041","Sin nombre","Platabanda","Av.Benjamin Araozentre Circunvalaciony Soldati","","3","Avenida Benjamin Araoz entre Circunvalacion y Soldati, San Miguel de Tucuman, Tucuman, Argentina","","","","false","revisar","","sin_resultado_confiable",""
"pdf-2026-06-30-042","Sin nombre","Platabanda","Av.Gdor.Del Campoentre Circunvalaciony Soldati","","3","Avenida Gdor.Del Campo entre Circunvalacion y Soldati, San Miguel de Tucuman, Tucuman, Argentina","","","","false","revisar","","sin_resultado_confiable",""
"pdf-2026-06-30-043","Sin nombre","Platabanda","Av.Alemy Av.Mitre desde plazoletamitre hasta magallanes","","3","Avenida Alem y Avenida Mitre desde plazoletamitre hasta magallanes, San Miguel de Tucuman, Tucuman, Argentina","","","","false","revisar","","sin_resultado_confiable",""
"pdf-2026-06-30-044","Sin nombre","Platabanda","Av.Sarmientoentre J.B.Justoy Lucas Cordoba","","3","Avenida Sarmiento entre J.B.Justo y Lucas Cordoba, San Miguel de Tucuman, Tucuman, Argentina","","","","false","revisar","","sin_resultado_confiable",""
"pdf-2026-06-30-045","Sin nombre","Platabanda","Av.Colectoracanalsur-desdeindependenciahasta Americo Vespucio lado este.","","3","Avenida Colectoracanalsur desde independenciahasta Americo Vespucio lado este., San Miguel de Tucuman, Tucuman, Argentina","","","","false","revisar","","sin_resultado_confiable",""
"pdf-2026-06-30-046","Sin nombre","Platabanda","Av.Independenciaentre Alemy Canal Sur","","3","Avenida Independencia entre Alem y Canal Sur, San Miguel de Tucuman, Tucuman, Argentina","","","","false","revisar","","sin_resultado_confiable",""
"pdf-2026-06-30-047","Sin nombre","Platabanda","Boulevarddeav.Independenciadesde Geronimo Helguera hasta huemul","","3","Boulevarddeav.Independenciadesde Geronimo Helguera hasta huemul, San Miguel de Tucuman, Tucuman, Argentina","","","","false","revisar","","sin_resultado_confiable",""
"pdf-2026-06-30-048","Sin nombre","Platabanda","Av.Ejercito del norte/Colondesde Fcode Aguirrehasta Americo Vespucio","","3","Avenida Ejercito del norte Colondesde Fcode Aguirrehasta Americo Vespucio, San Miguel de Tucuman, Tucuman, Argentina","","","","false","revisar","","sin_resultado_confiable",""
"pdf-2026-06-30-049","Sin nombre","Platabanda","Alfredo Guzman-Caminodel Peruentre Crisostomoy Belgrano.","","3","Alfredo Guzman Caminodel Peru entre Crisostomo y Belgrano., San Miguel de Tucuman, Tucuman, Argentina","","","","false","revisar","","sin_resultado_confiable",""
"pdf-2026-06-30-050","Sin nombre","Platabanda","Juanbjusto/avellaneda/Saenzpenadefcode Aguirre hasta roca","","3","Juanbjusto Avenida ellaneda Saenzpenadefcode Aguirre hasta roca, San Miguel de Tucuman, Tucuman, Argentina","","","","false","revisar","","sin_resultado_confiable",""
"pdf-2026-06-30-051","Sin nombre","Platabanda","Av.Martinberho desde avjuanbjusto hasta coronel Suarez","","3","Avenida Martinberho desde Avenida juanbjusto hasta coronel Suarez, San Miguel de Tucuman, Tucuman, Argentina","","","","false","revisar","","sin_resultado_confiable",""
"pdf-2026-06-30-052","Sin nombre","Platabanda","Democraciaentre Jujuyycircunvalacion","","3","Democracia entre Jujuyycircunvalacion, San Miguel de Tucuman, Tucuman, Argentina","","","","false","revisar","","sin_resultado_confiable",""
"pdf-2026-06-30-053","Sin nombre","Platabanda","Av-Mexicodesde Republicade Libanohasta Av Ejercitodel Norte","","3","Avenida Mexicodesde Republicade Libanohasta Avenida Ejercitodel Norte, San Miguel de Tucuman, Tucuman, Argentina","","","","false","revisar","","sin_resultado_confiable",""
"pdf-2026-06-30-054","Sin nombre","Platabanda","Av.Papa Franciscodesde Av.Benjamin Araozhasta Rotondade San Cayetano","","3","Avenida Papa Franciscodesde Avenida Benjamin Araozhasta Rotondade San Cayetano, San Miguel de Tucuman, Tucuman, Argentina","","","","false","revisar","","sin_resultado_confiable",""
"pdf-2026-06-30-055","Sin nombre","Platabanda","Av.Estadode Israele Italiahasta Rotondadecalle Ecuador(incluida)","","3","Avenida Estadode Israele Italiahasta Rotondadecalle Ecuador incluida, San Miguel de Tucuman, Tucuman, Argentina","","","","false","revisar","","sin_resultado_confiable",""
"pdf-2026-06-30-056","Sin nombre","Platabanda","Av.Santiagodel Esterodesde Dr.Alfredo Amenabarhasta Esteban Echeverria","","3","Avenida Santiagodel Esterodesde Dr.Alfredo Amenabarhasta Esteban Echeverria, San Miguel de Tucuman, Tucuman, Argentina","","","","false","revisar","","sin_resultado_confiable",""
"pdf-2026-06-30-057","Mercedes Sosa","Parque","Av.Benjamin Araozy Av.Papa Francisco COOP.PROFETAISAIAS","","3","Parque Mercedes Sosa, San Miguel de Tucuman, Tucuman, Argentina","Parque Mercedes Sosa, San Miguel de Tucumán, Departamento Capital, Tucumán, T4000, Argentina","-26.8380686","-65.1915069","true","alta","8.00","nombre_del_espacio","OpenStreetMap Nominatim"
"pdf-2026-06-30-058","Sin nombre","Platabanda","Pedro Miguel Araozentre Papa Franciscoy Silvano Bores","","3A","Pedro Miguel Araoz entre Papa Francisco y Silvano Bores, San Miguel de Tucuman, Tucuman, Argentina","","","","false","revisar","","sin_resultado_confiable",""
"pdf-2026-06-30-059","Sin nombre","Platabanda","Jujuyentre Platay Democracia","","3A","Jujuy entre Plata y Democracia, San Miguel de Tucuman, Tucuman, Argentina","","","","false","revisar","","sin_resultado_confiable",""
"pdf-2026-06-30-060","Sin nombre","Platabanda","Av.coronel Suarezdesde Martinberho hasta benjamin Araoz","","3A","Avenida coronel Suarezdesde Martinberho hasta benjamin Araoz, San Miguel de Tucuman, Tucuman, Argentina","","","","false","revisar","","sin_resultado_confiable",""
"pdf-2026-06-30-061","Sin nombre","Platabanda","Av.fcode Aguirre desde juanb.justo hasta camino del peru","","3A","Avenida fcode Aguirre desde juanb.justo hasta camino del peru, San Miguel de Tucuman, Tucuman, Argentina","","","","false","revisar","","sin_resultado_confiable",""
"pdf-2026-06-30-062","Sin nombre","Platabanda","Brigidoterandesde24deseptiembrehasta avroca","","3A","Brigidoterandesde 24 deseptiembrehasta Avenida roca, San Miguel de Tucuman, Tucuman, Argentina","","","","false","revisar","","sin_resultado_confiable",""
"pdf-2026-06-30-063","Sin nombre","Platabanda","Av.Americo Vespucio desde av Alem hasta canalsur","","3A","Avenida Americo Vespucio desde Avenida Alem hasta canalsur, San Miguel de Tucuman, Tucuman, Argentina","","","","false","revisar","","sin_resultado_confiable",""
"pdf-2026-06-30-064","Sin nombre","Platabanda","Joseing.Entrepapafranciscoybrigidoteran","","3A","Joseing.Entrepapafranciscoybrigidoteran, San Miguel de Tucuman, Tucuman, Argentina","","","","false","revisar","","sin_resultado_confiable",""
"pdf-2026-06-30-065","Sin nombre","Platabanda","Pedromiguelaraoz entre papafranciscoysaenzpea","","3A","Pedromiguelaraoz entre papafranciscoysaenzpea, San Miguel de Tucuman, Tucuman, Argentina","","","","false","revisar","","sin_resultado_confiable",""
"pdf-2026-06-30-066","Sin nombre","Platabanda","Av.Coronel Zelaya desde Canalsurhasta Av Manantial","","3A","Avenida Coronel Zelaya desde Canalsurhasta Avenida Manantial, San Miguel de Tucuman, Tucuman, Argentina","","","","false","revisar","","sin_resultado_confiable",""
"pdf-2026-06-30-067","Sin nombre","Platabanda","Av.Rocadesde Plazoleta Dorregohasta Av.Alem","","3A","Avenida Rocadesde Plazoleta Dorregohasta Avenida Alem, San Miguel de Tucuman, Tucuman, Argentina","","","","false","revisar","","sin_resultado_confiable",""
"pdf-2026-06-30-068","Sin nombre","Platabanda","Av.Siriadesde Sarmientohasta Acceso Norte","","3A","Avenida Siriadesde Sarmientohasta Acceso Norte, San Miguel de Tucuman, Tucuman, Argentina","","","","false","revisar","","sin_resultado_confiable",""
"pdf-2026-06-30-069","Sin nombre","Platabanda","Av.Colondesde Americayolleroshasta Av Manantial","","3A","Avenida Colondesde Americayolleroshasta Avenida Manantial, San Miguel de Tucuman, Tucuman, Argentina","","","","false","revisar","","sin_resultado_confiable",""
"pdf-2026-06-30-070","Sin nombre","Vera Autopista","351-352-356-358-357-353-354-355-360-361-363-364-365-366-359 CONSTRUTUC","","3A","351 352 356 358 357 353 354 355 360 361 363 364 365 366 359 CONSTRUTUC, San Miguel de Tucuman, Tucuman, Argentina","","","","false","revisar","","sin_resultado_confiable",""
"pdf-2026-06-30-071","Norte","Acceso","ACCESONORTE P.U.97-81-82-83-84-145-35-85-86-74-146.","","4","Norte, San Miguel de Tucuman, Tucuman, Argentina","Campo Norte, San Miguel de Tucumán, Departamento Capital, Tucumán, T4000, Argentina","","","false","revisar","3.50","coincidencia_aproximada",""
"pdf-2026-06-30-072","Alderetes","Acceso","ACCESOESTEALDERETE P.U.96-51-50-48-34-33-463-462-45-46-47-95-71-94","","4","ACCESOESTEALDERETE, San Miguel de Tucuman, Tucuman, Argentina","","","","false","revisar","","sin_resultado_confiable",""
"pdf-2026-06-30-073","Provincial","Parque","Av.Rocaentre Ayacuchoy9de Julio","","4A","Provincial, San Miguel de Tucuman, Tucuman, Argentina","Museo Provincial de Bellas Artes “Timoteo Navarro”, 44, 9 de Julio de 1816, Centro, San Miguel de Tucumán, Departamento Capital, Tucumán, 4000, Argentina","","","false","revisar","3.50","coincidencia_aproximada",""
"pdf-2026-06-30-074","Sin nombre","Vera Autopista","Av.Circunvalaci6n N*277-276-278-274-279-280 PROYECTARFUTURO","","4A","Avenida Circunvalaci 6 n N*277 276 278 274 279 280 PROYECTARFUTURO, San Miguel de Tucuman, Tucuman, Argentina","","","","false","revisar","","sin_resultado_confiable",""
"pdf-2026-06-30-075","San Cayetano","Acceso","SECTORES36-42-65-72-73-88-89-90-91-92-369-388/Noincluyerotondas292y516","","5","San Cayetano, San Miguel de Tucuman, Tucuman, Argentina","San Cayetano, San Miguel de Tucumán, Departamento Capital, Tucumán, T4000, Argentina","","","false","revisar","2.75","coincidencia_aproximada",""
"pdf-2026-06-30-076","Sin nombre","Vera Autopista","SECTORES368-370-498-381-382-383-384-385-386-387-379-380-378-375 COOPERATIVA13DEENERO","","5A","SECTORES 368 370 498 381 382 383 384 385 386 387 379 380 378 375, San Miguel de Tucuman, Tucuman, Argentina","","","","false","revisar","","sin_resultado_confiable",""
"pdf-2026-06-30-077","Cesar Cipolletti","Plazoleta","Mejico4300","","6","Mejico 4300, San Miguel de Tucuman, Tucuman, Argentina","México, Los Andes, Vial 1, San Miguel de Tucumán, Departamento Capital, Tucumán, T4000, Argentina","","","false","revisar","1.00","coincidencia_aproximada",""
"pdf-2026-06-30-078","S/N","Plaza","Mario Bravoy71NE P.U.271","130Viviendas","6","Plaza S N, San Miguel de Tucuman, Tucuman, Argentina","Plaza Perú, San Miguel de Tucumán, Departamento Capital, Tucumán, T4000, Argentina","","","false","revisar","1.00","coincidencia_aproximada",""
"pdf-2026-06-30-079","S/N","Plaza","71NEentre Coronel Suarezy Lola Mora P.U.272","130Viviendas","6","Plaza S N, San Miguel de Tucuman, Tucuman, Argentina","Plaza Perú, San Miguel de Tucumán, Departamento Capital, Tucumán, T4000, Argentina","","","false","revisar","1.00","coincidencia_aproximada",""
"pdf-2026-06-30-080","S/N","Plaza","Mario Bravoentre73NEy28/23NE P.U.273","130Viviendas","6","Plaza S N, San Miguel de Tucuman, Tucuman, Argentina","Plaza Perú, San Miguel de Tucumán, Departamento Capital, Tucumán, T4000, Argentina","","","false","revisar","1.00","coincidencia_aproximada",""
"pdf-2026-06-30-081","Maria Auxiliadora","Plazoleta","Don Orioney Diagonal90(3triangulos).VERMAPA","","6","Maria Auxiliadora, San Miguel de Tucuman, Tucuman, Argentina","Pasaje Maria Auxiliadora, Ciudadela, San Miguel de Tucumán, Departamento Capital, Tucumán, T4000, Argentina","-26.8272819","-65.2192438","true","media","4.50","calle_o_tramo_aproximado","OpenStreetMap Nominatim"
"pdf-2026-06-30-082","Barrancasdel Sali B","Plaza","C.38NORESTEYC.NOROESTE","B*Barrancasdel Sali","6","C.38 NORESTEYC.NOROESTE, B*Barrancasdel Sali, San Miguel de Tucuman, Tucuman, Argentina","","","","false","revisar","","sin_resultado_confiable",""
"pdf-2026-06-30-083","Veradecanal","Platabanda","CANALSUR-TRAMO5DECOLONADIAGONAL-TRAMO6DEDIAGONALACOLON","","6","CANALSUR, San Miguel de Tucuman, Tucuman, Argentina","","","","false","revisar","","sin_resultado_confiable",""
"pdf-2026-06-30-084","BSan Martin","Boulevard","Av.Povina（Ruta provincial301-Caminode Sirga)","","6","Avenida Povina（Ruta provincial 301 Caminode Sirga, San Miguel de Tucuman, Tucuman, Argentina","","","","false","revisar","","sin_resultado_confiable",""
"pdf-2026-06-30-085","Almirante Brown","Plaza","Pje Vieytesy Miguel Lilo1400","Victoria","6","Pasaje Vieytes y Miguel Lilo 1400, Victoria, San Miguel de Tucuman, Tucuman, Argentina","","","","false","revisar","","sin_resultado_confiable",""
"pdf-2026-06-30-086","Int.Alfredo Guzman","Plazoleta","Juramento del a Bandera1200,esquina Mario Bravo（son2endiagonal）","Parque Centenario","6","Juramento de la Bandera 1200,esquina Mario Bravo（son 2 endiagonal）, Parque Centenario, San Miguel de Tucuman, Tucuman, Argentina","","","","false","revisar","","sin_resultado_confiable",""
"pdf-2026-06-30-087","Int.Carlos Maria Torres","Plazoleta","Juramento del a Bandera1200,esquina Mario Bravo（son2endiagonal）","Parque Centenario","6","Juramento de la Bandera 1200,esquina Mario Bravo（son 2 endiagonal）, Parque Centenario, San Miguel de Tucuman, Tucuman, Argentina","","","","false","revisar","","sin_resultado_confiable",""
"pdf-2026-06-30-088","Brasil","Boulevard","Pje.Brasil entre Av.J.B.Justoy Maipu","","6","Brasil, San Miguel de Tucuman, Tucuman, Argentina","Brasil, Villa 9 de Julio, Villa 9 de julio, San Miguel de Tucumán, Departamento Capital, Tucumán, T4000, Argentina","-26.8083718","-65.1991474","true","media","3.50","calle_o_tramo_aproximado","OpenStreetMap Nominatim"
"pdf-2026-06-30-089","Caminode Sirga","Platabanda","SECCIONES435-436-483-484","","6","SECCIONES 435 436 483 484, San Miguel de Tucuman, Tucuman, Argentina","","","","false","revisar","","sin_resultado_confiable",""
"pdf-2026-06-30-090","Panamay Jose Hernandez","Terraplen","SECCIONES308-309-310","","6","SECCIONES 308 309 310, San Miguel de Tucuman, Tucuman, Argentina","","","","false","revisar","","sin_resultado_confiable",""
"pdf-2026-06-30-091","C.de Fragata Pedro E.Giachino","Plaza","Av.Juan B.Justo2350,esquina Pje.Roberto Berho","","6","Avenida Juan B.Justo 2350,esquina Pasaje Roberto Berho, San Miguel de Tucuman, Tucuman, Argentina","","","","false","revisar","","sin_resultado_confiable",""
"pdf-2026-06-30-092","Gral.Lorenzo Vinter","Plaza","Espana2900,entre J.L.Nouguesy Pje.Acha","Ampliacion Jardin","6","Espana 2900,entre J.L.Nougues y Pasaje Acha, Ampliacion Jardin, San Miguel de Tucuman, Tucuman, Argentina","","","","false","revisar","","sin_resultado_confiable",""
"pdf-2026-06-30-093","Mons.Miguel de Andrea","Plazoleta","Hernando de Magallanes2500","SEOCI","6","Hernando de Magallanes 2500, SEOCI, San Miguel de Tucuman, Tucuman, Argentina","","","","false","revisar","","sin_resultado_confiable",""
"pdf-2026-06-30-094","Paseo Egeo","Plazoleta","Inca Garcilasoy Buenos Aires","Egeo","6","Inca Garcilaso y Buenos Aires","INCA GARCILAZO (ESQUINA BUENOS AIRES), San Miguel de Tucumán, Capital, Tucumán, San Miguel de Tucuman, Capital, Tucuman","-26.856541196","-65.212456103","true","media","11.00","calle_o_tramo_aproximado","Georef Argentina v2"
"pdf-2026-06-30-095","San Miguel Arcangel","Rotonda","Av.Gobernadordel Campoy Circunvalacion","B°Barrancasdel Sali","6","Avenida Gobernadordel Campo y Circunvalacion, B°Barrancasdel Sali, San Miguel de Tucuman, Tucuman, Argentina","","","","false","revisar","","sin_resultado_confiable",""
"pdf-2026-06-30-096","Gral.Manuel Belgrano","Plazoleta","Av.Pedro Miguel Araozal500","B*20de junio","6","Avenida Pedro Miguel Araozal 500, B*20de junio, San Miguel de Tucuman, Tucuman, Argentina","","","","false","revisar","","sin_resultado_confiable",""
"pdf-2026-06-30-097","Dr.F.lrrazabal","Plazoleta","Mendoza4450","Alperovich","6","Mendoza 4450, San Miguel de Tucuman, Tucuman, Argentina","Mendoza, Floresta, San Miguel de Tucumán, Departamento Capital, Tucumán, T4000, Argentina","","","false","revisar","2.75","calle_o_tramo_aproximado",""
"pdf-2026-06-30-098","S/N","Plaza","Lidoro Quinteros2500esquina Lopez Maian. PU482","314Viviendas","6","Plaza S N, San Miguel de Tucuman, Tucuman, Argentina","Plaza Perú, San Miguel de Tucumán, Departamento Capital, Tucumán, T4000, Argentina","","","false","revisar","1.00","coincidencia_aproximada",""
"pdf-2026-06-30-099","Caseros","Plazoleta","Colombia00,esquina Catamarca","Villa Urquiza","6","Colombia 00,esquina Catamarca, Villa Urquiza, San Miguel de Tucuman, Tucuman, Argentina","","","","false","revisar","","sin_resultado_confiable",""
"pdf-2026-06-30-100","Santisima Trinidad","Plazoleta","Alsina300,entre Congresoy Las Heras COOPERATIVATRABAJOSOFICIO","Villa Alem","6","Alsina 300,entre Congreso y Las Heras, Villa Alem, San Miguel de Tucuman, Tucuman, Argentina","","","","false","revisar","","sin_resultado_confiable",""
"pdf-2026-06-30-101","Wilde","Plazoleta","Suipacha2300,esquinalsabella Catolica","Villa Urquiza","8","Suipacha 2300,esquinalsabella Catolica, Villa Urquiza, San Miguel de Tucuman, Tucuman, Argentina","","","","false","revisar","","sin_resultado_confiable",""
"pdf-2026-06-30-102","Dr.Angel Pisarello","Parquizacion","Mejicoy Munecas","Los Pinosll","8","Mejico y Munecas","MEJICO (ESQUINA ILDEFONSO DE LAS MUNECAS), San Miguel de Tucumán, Capital, Tucumán, San Miguel de Tucuman, Capital, Tucuman","-26.803409278","-65.199751285","true","media","10.00","calle_o_tramo_aproximado","Georef Argentina v2"
"pdf-2026-06-30-103","Monumentoal Alfabeto","Parque","Diagonal Lisandro del a Torrey Ramirezde Velazco","Los Pinos","8","Diagonal Lisandro de la Torre y Ramirezde Velazco","DIAG LISANDRO DE LA TORRE (ESQUINA JUAN RAMIREZ DE VELASCO), San Miguel de Tucumán, Capital, Tucumán, San Miguel de Tucuman, Capital, Tucuman","-26.799437563","-65.203603725","true","media","10.00","calle_o_tramo_aproximado","Georef Argentina v2"
"pdf-2026-06-30-104","Tte.B.Matienzo","Plazoleta","Diaz Velez800y Luis MDrago50","Padre Monti","8","Diaz Velez 800 y Luis MDrago 50, Padre Monti, San Miguel de Tucuman, Tucuman, Argentina","","","","false","revisar","","sin_resultado_confiable",""
"pdf-2026-06-30-105","Sin nombre","Plaza","Peri3800","Ampliacion Las Americas","8","Peri 3800, Ampliacion Las Americas, San Miguel de Tucuman, Tucuman, Argentina","","","","false","revisar","","sin_resultado_confiable",""
"pdf-2026-06-30-106","Sin nombre","Boulevard","Mexico YDIAG90LADONORESTE","Congreso","8","Mexico YDIAG 90 LADONORESTE, Congreso, San Miguel de Tucuman, Tucuman, Argentina","","","","false","revisar","","sin_resultado_confiable",""
"pdf-2026-06-30-107","Aramburu","Plazoleta","Mendoza3300","San Martinde Porres","8","Mendoza 3300, San Miguel de Tucuman, Tucuman, Argentina","Mendoza, Floresta, San Miguel de Tucumán, Departamento Capital, Tucumán, T4000, Argentina","","","false","revisar","2.75","calle_o_tramo_aproximado",""
"pdf-2026-06-30-108","Dela Libertad","Plaza","Carlos Maria Torresentre Chacabucoy Bs Aires4400","Independencia","8","Carlos Maria Torres entre Chacabuco y Bs Aires 4400, Independencia, San Miguel de Tucuman, Tucuman, Argentina","","","","false","revisar","","sin_resultado_confiable",""
"pdf-2026-06-30-109","Eva Peron","Plazoleta","Av.Juan B.Justo1000","","8","Avenida Juan B.Justo 1000, San Miguel de Tucuman, Tucuman, Argentina","1000, Avenida Juan B. Justo, Villa 9 de julio, San Miguel de Tucumán, Departamento Capital, Tucumán, T4000, Argentina","-26.8188193","-65.1939505","true","alta","8.25","direccion_con_altura","OpenStreetMap Nominatim"
"pdf-2026-06-30-110","Miguelde Azcuenaga","Plazoleta","Alsina4600 COOPERATIVASANTAQUIARA","San Martin","8","Alsina 4600, San Martin, San Miguel de Tucuman, Tucuman, Argentina","Adolfo Alsina, San Martín, San Miguel de Tucumán, Departamento Capital, Tucumán, T4000, Argentina","-26.8350822","-65.267867","true","media","3.75","calle_o_tramo_aproximado","OpenStreetMap Nominatim"
"pdf-2026-06-30-111","ing.Agr.Jose Ploper","Plaza","Jose M.Estrada4300","Congreso","9","Jose M.Estrada 4300, Congreso, San Miguel de Tucuman, Tucuman, Argentina","","","","false","revisar","","sin_resultado_confiable",""
"pdf-2026-06-30-112","Diegode Villarroel","Plaza","Diegode Villarroely Jose Hernandez","Obispo Piedrabuena","9","Diegode Villarroel y Jose Hernandez, Obispo Piedrabuena, San Miguel de Tucuman, Tucuman, Argentina","","","","false","revisar","","sin_resultado_confiable",""
"pdf-2026-06-30-113","Sin nombre","Plaza","Estados Unidos1500y Calle Costanera Norte","BCostanera(2 de abril)","9","Estados Unidos 1500 y Calle Costanera Norte, BCostanera 2 de abril, San Miguel de Tucuman, Tucuman, Argentina","","","","false","revisar","","sin_resultado_confiable",""
"pdf-2026-06-30-114","Eva Peron","Plaza","Espana2700y Azcuenaga","Jardin","9","Espana 2700 y Azcuenaga, Jardin, San Miguel de Tucuman, Tucuman, Argentina","","","","false","revisar","","sin_resultado_confiable",""
"pdf-2026-06-30-115","Dr.Pedro Ruiz Huidobro","Plazoleta","Viamonte950-Espanay Av.Estado del srael","Ampliacion Jardin","9","Viamonte 950 Espana y Avenida Estado del srael, Ampliacion Jardin, San Miguel de Tucuman, Tucuman, Argentina","","","","false","revisar","","sin_resultado_confiable",""
"pdf-2026-06-30-116","Nicolas Levalle(Petete)","Plazoleta","Av.Matede Luna3050","San Martinde Porres","9","Avenida Matede Luna 3050, San Martinde Porres, San Miguel de Tucuman, Tucuman, Argentina","","","","false","revisar","","sin_resultado_confiable",""
"pdf-2026-06-30-117","S/N","Plazoleta","General Paz3100. PU:4","","9","General Paz 3100., San Miguel de Tucuman, Tucuman, Argentina","General Paz, Ampliación Ciudadela, Ciudadela, San Miguel de Tucumán, Departamento Capital, Tucumán, T4000, Argentina","-26.8313802","-65.2299328","true","media","4.50","calle_o_tramo_aproximado","OpenStreetMap Nominatim"
"pdf-2026-06-30-118","S/N","Plaza","Don Bosco3200. PU:8","","9","Don Bosco 3200., San Miguel de Tucuman, Tucuman, Argentina","Don Bosco, El Bosque, Villa Luján, San Miguel de Tucumán, Departamento Capital, Tucumán, T4000, Argentina","-26.8222308","-65.225167","true","media","4.50","calle_o_tramo_aproximado","OpenStreetMap Nominatim"
"pdf-2026-06-30-119","Alameda del a Victoria","Plaza","B°Ex Aeropuerto. PU:58","","9","B°Ex Aeropuerto., San Miguel de Tucuman, Tucuman, Argentina","","","","false","revisar","","sin_resultado_confiable",""
"pdf-2026-06-30-120","Vera Autopista","Espacio Verde","PU:288 COOPERATIVAELINDIO","","9","Espacio Verde Vera Autopista, San Miguel de Tucuman, Tucuman, Argentina","","","","false","revisar","","sin_resultado_confiable",""
"pdf-2026-06-30-121","Jose Padilla","Plazoleta","Padre Roque Correa1600","Zenon Santillan","10","Padre Roque Correa 1600, San Miguel de Tucuman, Tucuman, Argentina","Padre Roque Correa, Santillán, San Miguel de Tucumán, Departamento Capital, Tucumán, T4000, Argentina","-26.8027507","-65.2392957","true","media","6.25","calle_o_tramo_aproximado","OpenStreetMap Nominatim"
"pdf-2026-06-30-122","Ntra.Sra.del Valle","Plazoleta","Italia4300","Oeste I","10","Italia 4300, Oeste I, San Miguel de Tucuman, Tucuman, Argentina","Italia, Oeste I, San Miguel de Tucumán, Departamento Capital, Tucumán, T4000, Argentina","","","false","revisar","2.75","calle_o_tramo_aproximado",""
"pdf-2026-06-30-123","Salvador Alberti","Plazoleta","San Lorenzo3900,esquina Pablo Rojas Paz","Ojode Agua","10","San Lorenzo 3900,esquina Pablo Rojas Paz, Ojode Agua, San Miguel de Tucuman, Tucuman, Argentina","","","","false","revisar","","sin_resultado_confiable",""
"pdf-2026-06-30-124","Miguel Lillo","Plazoleta","Av.Alem250","Ciuda del a","10","Avenida Alem 250, San Miguel de Tucuman, Tucuman, Argentina","250, Avenida Leandro N. Alem, Ciudadela, San Miguel de Tucumán, Departamento Capital, Tucumán, T4000, Argentina","-26.831776","-65.2192724","true","alta","6.50","direccion_con_altura","OpenStreetMap Nominatim"
"pdf-2026-06-30-125","Garcia Lorca","Plazoleta","Marco Avellaneda1900y Mejico","Villa Urquiza","10","Marco Avenida ellaneda 1900 y Mejico, Villa Urquiza, San Miguel de Tucuman, Tucuman, Argentina","","","","false","revisar","","sin_resultado_confiable",""
"pdf-2026-06-30-126","Democracia","Plazoleta","Ecuador2900","Casino","10","Ecuador 2900, San Miguel de Tucuman, Tucuman, Argentina","Ecuador, Villa Urquiza, Villa 9 de julio, San Miguel de Tucumán, Departamento Capital, Tucumán, T4000, Argentina","","","false","revisar","2.75","calle_o_tramo_aproximado",""
"pdf-2026-06-30-127","BBlasco Il(CGT)","Plaza","Buenos Aires4000","Blascoll","10","Buenos Aires 4000, San Miguel de Tucuman, Tucuman, Argentina","Buenos Aires, Centro, San Miguel de Tucumán, Departamento Capital, Tucumán, T4000, Argentina","-26.8313145","-65.2064541","true","media","4.50","calle_o_tramo_aproximado","OpenStreetMap Nominatim"
"pdf-2026-06-30-128","S/N","Plazoleta","Rene Favaloroy Buenos Aires","Lapacho Sur","10","Rene Favaloro y Buenos Aires","DR RENE FAVALORO (ESQUINA BUENOS AIRES), San Miguel de Tucumán, Capital, Tucumán, San Miguel de Tucuman, Capital, Tucuman","-26.880537878","-65.22226016","true","media","12.00","calle_o_tramo_aproximado","Georef Argentina v2"
"pdf-2026-06-30-129","S/N","Plazoleta","Gob.Lazaro Barbieriy 9 de Julio(dos plazas)","Lapacho Sur","10","Plazoleta S N, San Miguel de Tucuman, Tucuman, Argentina","Plazoleta 5 Torres, San Miguel de Tucumán, Departamento Capital, Tucumán, T4000, Argentina","","","false","revisar","1.00","coincidencia_aproximada",""
"pdf-2026-06-30-130","Ciuda del a","Plaza","Bolivar esquina Frias Silva","Ciuda del a","10","Bolivar esquina Frias Silva","BOLIVAR (ESQUINA FRIAS SILVA), San Miguel de Tucumán, Capital, Tucumán, San Miguel de Tucuman, Capital, Tucuman","-26.836173811","-65.227008964","true","media","11.00","calle_o_tramo_aproximado","Georef Argentina v2"
"pdf-2026-06-30-131","S/N","Plaza","Costa Ricay Jose Hernandez","SITRAVI","10","Costa Rica y Jose Hernandez","COSTA RICA (ESQUINA JOSE HERNANDEZ), San Miguel de Tucumán, Capital, Tucumán, San Miguel de Tucuman, Capital, Tucuman","-26.81079443","-65.181327053","true","media","12.00","calle_o_tramo_aproximado","Georef Argentina v2"
"pdf-2026-06-30-132","Leandro Alem","Plazoleta","Juan Larreay Buenos Aires","Ampliacion Villa Alem","10","Juan Larrea y Buenos Aires, Ampliacion Villa Alem, San Miguel de Tucuman, Tucuman, Argentina","","","","false","revisar","","sin_resultado_confiable",""
"pdf-2026-06-30-133","B*Blasco I(Las Rosas Sur)3","Plaza","Congres0ypje103/8SE","Blasco","10","Congres 0 y pje 103 8 SE, Blasco, San Miguel de Tucuman, Tucuman, Argentina","","","","false","revisar","","sin_resultado_confiable",""
"pdf-2026-06-30-134","Atahualpa Yupanqui","Plaza","Mejico4100","Viall","10","Mejico 4100, San Miguel de Tucuman, Tucuman, Argentina","México, Los Andes, Vial 1, San Miguel de Tucumán, Departamento Capital, Tucumán, T4000, Argentina","","","false","revisar","1.00","coincidencia_aproximada",""
"pdf-2026-06-30-135","Sin nombre","Rotonda","Geronimo Helgueray Av Independencia","","10","Geronimo Helguera y Avenida Independencia","GERONIMO HELGUERA (ESQUINA AV INDEPENDENCIA), San Miguel de Tucumán, Capital, Tucumán, San Miguel de Tucuman, Capital, Tucuman","-26.841192552","-65.25709185","true","media","11.00","calle_o_tramo_aproximado","Georef Argentina v2"
"pdf-2026-06-30-136","Sarmiento","Plazoleta","Av.Roca y Alberdi","Sur","10","Avenida Roca y Alberdi","AV JULIO ARGENTINO ROCA (ESQUINA JUAN BAUTISTA ALBERDI), San Miguel de Tucumán, Capital, Tucumán, San Miguel de Tucuman, Capital, Tucuman","-26.841342198","-65.217070878","true","media","10.00","calle_o_tramo_aproximado","Georef Argentina v2"
"pdf-2026-06-30-137","Barrancasdel Sali A","Plaza","Diegode Villarroely40noreste","Barrancasdel Sali","10","Diegode Villarroely 40 noreste, Barrancasdel Sali, San Miguel de Tucuman, Tucuman, Argentina","","","","false","revisar","","sin_resultado_confiable",""
"pdf-2026-06-30-138","Adolfo del a Vega","Boulevard","Adolfo del a Vega entre(desde M.de Lunahasta Roca) COOPERATIVATRABAIOPORMASFUTURO","","10","Adolfo de la Vega entre desde M.de Lunahasta Roca, San Miguel de Tucuman, Tucuman, Argentina","","","","false","revisar","","sin_resultado_confiable",""
"pdf-2026-06-30-139","Dr.Cesar Carman","Plazoleta","Catamarca,Emilio Castelar,Lisandro del a Torre","Villa Urquiza","11","Catamarca,Emilio Castelar,Lisandro de la Torre, Villa Urquiza, San Miguel de Tucuman, Tucuman, Argentina","","","","false","revisar","","sin_resultado_confiable",""
"pdf-2026-06-30-140","Coop.Guemes","Plazoleta","San Lucaseltalia","La Merced","11","San Lucaseltalia, La Merced, San Miguel de Tucuman, Tucuman, Argentina","","","","false","revisar","","sin_resultado_confiable",""
"pdf-2026-06-30-141","Sargento D.Juarez","Plazoleta","Las Piedras3400/3500","Belgrano","11","Las Piedras 3400 3500, Belgrano, San Miguel de Tucuman, Tucuman, Argentina","Las Piedras, Belgrano, San Miguel de Tucumán, Departamento Capital, Tucumán, T4000, Argentina","-26.8250375","-65.2535627","true","media","3.75","calle_o_tramo_aproximado","OpenStreetMap Nominatim"
"pdf-2026-06-30-142","Int.Gregoriode Zavaleta","Plaza","Pedro Le6n Gallo149-Pje.Agustin Maza150","Belgrano","11","Pedro Le 6 n Gallo 149 Pasaje Agustin Maza 150, Belgrano, San Miguel de Tucuman, Tucuman, Argentina","","","","false","revisar","","sin_resultado_confiable",""
"pdf-2026-06-30-143","Jesus del a Divina Misericordia","Plazoleta","Crisostomo Alvarez2950","Los Alamos","11","Crisostomo Alvarez 2950, San Miguel de Tucuman, Tucuman, Argentina","Crisóstomo Álvarez, Barrio Sur, Ciudadela, San Miguel de Tucumán, Departamento Capital, Tucumán, T4000, Argentina","-26.8308227","-65.2120091","true","media","4.50","calle_o_tramo_aproximado","OpenStreetMap Nominatim"
"pdf-2026-06-30-144","islas Malvinas","Plazoleta","San Lorenzo2640,esquina Pje.Republica","Floresta","11","Plazoleta islas Malvinas, San Miguel de Tucuman, Tucuman, Argentina","Plazoleta Islas Malvinas, Floresta, San Miguel de Tucumán, Departamento Capital, Tucumán, T4000, Argentina","-26.8264408","-65.238016","true","alta","7.00","nombre_del_espacio","OpenStreetMap Nominatim"
"pdf-2026-06-30-145","Azopardo","Plazoleta","Gral.Lavalle1800,esquina Frias Silva","Ciuda del a","11","General Lavalle 1800,esquina Frias Silva","LAVALLE, San Miguel de Tucumán, Capital, Tucumán, San Miguel de Tucuman, Capital, Tucuman","-26.8305868375","-65.2693411445","true","media","9.00","calle_o_tramo_aproximado","Georef Argentina v2"
"pdf-2026-06-30-146","Sin nombre","Espacio Verde","Barrio Pte.Peron. PU:440Calle80/19,desde La Platahasta Av.Independencia","","11","Barrio Pte.Peron., San Miguel de Tucuman, Tucuman, Argentina","","","","false","revisar","","sin_resultado_confiable",""
"pdf-2026-06-30-147","Sin nombre","Espacio Verde","Barrio Pte.Per6n. PU:438Calle80/19SOentre La Platay Calle Sin Nombre COOPERATIVAJUNTOSPARAVIVIRMEJOR","","11","Barrio Pte.Per 6 n., San Miguel de Tucuman, Tucuman, Argentina","","","","false","revisar","","sin_resultado_confiable",""
"pdf-2026-06-30-148","Francisco Avignone","Plaza","Italia3200y Bulnes","B°Mo del o","12","Plaza Francisco Avignone, San Miguel de Tucuman, Tucuman, Argentina","Plaza Francisco Avignone, San Miguel de Tucumán, Departamento Capital, Tucumán, T4000, Argentina","-26.8078385","-65.2419895","true","alta","7.00","nombre_del_espacio","OpenStreetMap Nominatim"
"pdf-2026-06-30-149","Reina del a Paz","Plazoleta","Diegode Villarroel1700","AGEFT","12","Diegode Villarroel 1700, AGEFT, San Miguel de Tucuman, Tucuman, Argentina","","","","false","revisar","","sin_resultado_confiable",""
"pdf-2026-06-30-150","San Miguel","Plazoleta","Benjamin Araoz1200","San Miguel","12","Benjamin Araoz 1200, San Miguel, San Miguel de Tucuman, Tucuman, Argentina","1200, Avenida Benjamín Aráoz, Sarmiento, San Miguel de Tucumán, Departamento Capital, Tucumán, T4000, Argentina","-26.8358354","-65.1796016","true","alta","8.25","direccion_con_altura","OpenStreetMap Nominatim"
"pdf-2026-06-30-151","Dorrego","Plazoleta","Av.Rocay Saenz Penia","Ex Aeropuerto","12","Avenida Roca y Saenz Penia","AV JULIO ARGENTINO ROCA (ESQUINA AV SAENZ PENA), San Miguel de Tucumán, Capital, Tucumán, San Miguel de Tucuman, Capital, Tucuman","-26.844690085","-65.200088002","true","media","10.00","calle_o_tramo_aproximado","Georef Argentina v2"
"pdf-2026-06-30-152","S/N","Plaza","Manuel Alberti2300,entre Ramirezde Velazcoy Pje Chazarreta","","12","Plaza S N, San Miguel de Tucuman, Tucuman, Argentina","Plaza Perú, San Miguel de Tucumán, Departamento Capital, Tucumán, T4000, Argentina","","","false","revisar","1.00","coincidencia_aproximada",""
"pdf-2026-06-30-153","Lola Mora","Plaza","Av.Silvano Bores300y Santa Cruz","Sarmiento","12","Avenida Silvano Bores 300 y Santa Cruz, Sarmiento, San Miguel de Tucuman, Tucuman, Argentina","","","","false","revisar","","sin_resultado_confiable",""
"pdf-2026-06-30-154","Dr.Jose Lucas Penna","Plazoleta","Av.Belgrano 2900","Ampliacion Jardin","12","Avenida Belgrano 2900, San Miguel de Tucuman, Tucuman, Argentina","Avenida Belgrano, Modelo, Villa Luján, San Miguel de Tucumán, Departamento Capital, Tucumán, T4000, Argentina","","","false","revisar","2.75","calle_o_tramo_aproximado",""
"pdf-2026-06-30-155","Mitre","Plazoleta","Av.Belgrano1400","Plazoleta Mitre","12","Avenida Belgrano 1400, San Miguel de Tucuman, Tucuman, Argentina","Avenida Belgrano, Jardín, Villa Luján, San Miguel de Tucumán, Departamento Capital, Tucumán, T4000, Argentina","","","false","revisar","2.75","calle_o_tramo_aproximado",""
"pdf-2026-06-30-156","GOKU","Plaza","Ernesto Padilla340,esquina Pje.Ernesto Colombres","Floresta","12","Ernesto Padilla 340,esquina Pasaje Ernesto Colombres, Floresta, San Miguel de Tucuman, Tucuman, Argentina","","","","false","revisar","","sin_resultado_confiable",""
"pdf-2026-06-30-157","Estadosarabes","Plazoleta","Av.Kirchner1500","Ciuda del a","12","Avenida Kirchner 1500, San Miguel de Tucuman, Tucuman, Argentina","1500, Avenida Néstor Kirchner, El Cruce, Ciudadela, San Miguel de Tucumán, Departamento Capital, Tucumán, T4000, Argentina","-26.8404613","-65.2225357","true","alta","6.50","direccion_con_altura","OpenStreetMap Nominatim"
"pdf-2026-06-30-158","Alfredo Rojas Paz","Plazoleta","Amado Nervo1800-Pje.Juan Heller1800","Judiciall","12","Amado Nervo 1800 Pasaje Juan Heller 1800, Judiciall, San Miguel de Tucuman, Tucuman, Argentina","","","","false","revisar","","sin_resultado_confiable",""
"pdf-2026-06-30-159","Los Lapachos","Plazoleta","Chacabuco1900","","12","Chacabuco 1900, San Miguel de Tucuman, Tucuman, Argentina","Chacabuco, Villa Angelina, Ex Ingenio Amalia, San Miguel de Tucumán, Departamento Capital, Tucumán, T4000, Argentina","","","false","revisar","2.75","calle_o_tramo_aproximado",""
"pdf-2026-06-30-160","Lamadrid","Plaza","Av.Saenz Penay24deseptiembre/Benjamin Araoz","EIBajo(Terminal Vieja)","12","Avenida Saenz Penay 24 deseptiembre Benjamin Araoz, EIBajo Terminal Vieja, San Miguel de Tucuman, Tucuman, Argentina","","","","false","revisar","","sin_resultado_confiable",""
"pdf-2026-06-30-161","Rotonda San Cayetano","Plazoleta","Av.Papa Franciscoy Antonio Berutti","","12","Avenida Papa Francisco y Antonio Berutti, San Miguel de Tucuman, Tucuman, Argentina","","","","false","revisar","","sin_resultado_confiable",""
"pdf-2026-06-30-162","America","Boulevard","Av.Americadesde Santa Fehasta Diagonal90. PU:520al538","","12","America, San Miguel de Tucuman, Tucuman, Argentina","América, Vial 1, San Miguel de Tucumán, Departamento Capital, Tucumán, T4000, Argentina","","","false","revisar","2.75","coincidencia_aproximada",""
"pdf-2026-06-30-163","TERRAPLEN","Vera Autopista","COSTADOOESTEde Aut.Circunvalacion PU376 COOPERATIVA THADEM","","12","COSTADOOESTEde Aut.Circunvalacion, San Miguel de Tucuman, Tucuman, Argentina","","","","false","revisar","","sin_resultado_confiable",""
"pdf-2026-06-30-164","Zenon Santillan","Parque","Colombia3100","Ampliacion Kennedy","13","Colombia 3100, Ampliacion Kennedy, San Miguel de Tucuman, Tucuman, Argentina","Colombia, Kennedy, San Miguel de Tucumán, Departamento Capital, Tucumán, T4000, Argentina","-26.7991083","-65.2405853","true","media","3.75","calle_o_tramo_aproximado","OpenStreetMap Nominatim"
"pdf-2026-06-30-165","4dejunio","Plazoleta","Mendoza3800y Esquiu","Aconquija","13","Mendoza 3800 y Esquiu, Aconquija, San Miguel de Tucuman, Tucuman, Argentina","","","","false","revisar","","sin_resultado_confiable",""
"pdf-2026-06-30-166","Los Platanos","Plaza","Vicente Gallo1400,esquina Pje.Acevedo","Los Platanos","13","Vicente Gallo 1400,esquina Pasaje Acevedo, Los Platanos, San Miguel de Tucuman, Tucuman, Argentina","","","","false","revisar","","sin_resultado_confiable",""
"pdf-2026-06-30-167","Espacioverde","Espacio Verde","PU460 COOPERATIVALOMASDETAFI","8*Fede Villa","13","Espacio Verde Espacioverde, San Miguel de Tucuman, Tucuman, Argentina","","","","false","revisar","","sin_resultado_confiable",""
"pdf-2026-06-30-168","Int.Roberto Avellaneda","Plaza","Thamesy Lucio Mansilla250","Ferroviario","14","Thames y Lucio Mansilla 250, Ferroviario, San Miguel de Tucuman, Tucuman, Argentina","","","","false","revisar","","sin_resultado_confiable",""
"pdf-2026-06-30-169","Sin nombre","Platabanda","PU-282-283","Autopista","14","","","","","false","revisar","","sin_resultado_confiable",""
"pdf-2026-06-30-170","Nicomedes Juri","Plaza","Juan Padrosy Huemul","240Viviendas","14","Juan Padros y Huemul, 240Viviendas, San Miguel de Tucuman, Tucuman, Argentina","","","","false","revisar","","sin_resultado_confiable",""
"pdf-2026-06-30-171","S/N","Plaza","Benigno Vallejoentre Virlay Gorritihasta Juan Padros(2espacios/cuadras)","Vialll","14","Plaza S N, San Miguel de Tucuman, Tucuman, Argentina","Plaza Perú, San Miguel de Tucumán, Departamento Capital, Tucumán, T4000, Argentina","","","false","revisar","1.00","coincidencia_aproximada",""
"pdf-2026-06-30-172","S/N","Plaza","Pedro L.Galloentre Juan Padrosy Lopez Manan(esun L,sinlaescuela)","Fede Villa","14","Plaza S N, San Miguel de Tucuman, Tucuman, Argentina","Plaza Perú, San Miguel de Tucumán, Departamento Capital, Tucumán, T4000, Argentina","","","false","revisar","1.00","coincidencia_aproximada",""
"pdf-2026-06-30-173","S/N","Plazoleta","Av.Rocay Primera Junta","Villa Alem","14","Plazoleta S N, San Miguel de Tucuman, Tucuman, Argentina","Plazoleta 5 Torres, San Miguel de Tucumán, Departamento Capital, Tucumán, T4000, Argentina","","","false","revisar","1.00","coincidencia_aproximada",""
"pdf-2026-06-30-174","Joaquin Morales Sola","Plazoleta","Diegode Rojas147,alt San Lorenzo3200","Los Alamos","14","Diegode Rojas 147,alt San Lorenzo 3200, Los Alamos, San Miguel de Tucuman, Tucuman, Argentina","","","","false","revisar","","sin_resultado_confiable",""
"pdf-2026-06-30-175","S/N","Plaza","Ignacio Gorritiy Pedro Berreta","76Viviendas","14","Plaza S N, San Miguel de Tucuman, Tucuman, Argentina","Plaza Perú, San Miguel de Tucumán, Departamento Capital, Tucumán, T4000, Argentina","","","false","revisar","1.00","coincidencia_aproximada",""
"pdf-2026-06-30-176","S/N","Plazoleta","Lopez Pondaly Benigno Vallejos","Elena White","14","Lopez Pondal y Benigno Vallejos","MANUEL LOPEZ PONDAL (ESQUINA BENIGNO VALLEJO), San Miguel de Tucumán, Capital, Tucumán, San Miguel de Tucuman, Capital, Tucuman","-26.851568035","-65.270828854","true","media","11.00","calle_o_tramo_aproximado","Georef Argentina v2"
"pdf-2026-06-30-177","S/N","Plaza","Av.71 NE-Pje.71/20NE-Pje.22/71NE P.U.270","130Viviendas","14","Plaza S N, San Miguel de Tucuman, Tucuman, Argentina","Plaza Perú, San Miguel de Tucumán, Departamento Capital, Tucumán, T4000, Argentina","","","false","revisar","1.00","coincidencia_aproximada",""
"pdf-2026-06-30-178","S/N","Plaza","Rafael Obligadoy71/20NE P.U.269","130Viviendas","14","Plaza S N, San Miguel de Tucuman, Tucuman, Argentina","Plaza Perú, San Miguel de Tucumán, Departamento Capital, Tucumán, T4000, Argentina","","","false","revisar","1.00","coincidencia_aproximada",""
"pdf-2026-06-30-179","S/N","Plaza","Venezuela200. PU:412 COOPERATIVAAGROPECUARIA","","14","Venezuela 200., San Miguel de Tucuman, Tucuman, Argentina","Venezuela, Alberdi Norte, Vial 1, San Miguel de Tucumán, Departamento Capital, Tucumán, T4000, Argentina","","","false","revisar","2.75","calle_o_tramo_aproximado",""
"pdf-2026-06-30-180","1°de Mayo","Plaza","Mendoza2650","Villa Lujan","15","Mendoza 2650, Villa Lujan, San Miguel de Tucuman, Tucuman, Argentina","2650, Mendoza, Villa Luján, San Miguel de Tucumán, Departamento Capital, Tucumán, T4000, Argentina","-26.8209169","-65.2367999","true","alta","8.50","direccion_con_altura","OpenStreetMap Nominatim"
"pdf-2026-06-30-181","Ing.Domingo Torres","Plazoleta","Pueyrredon1000y Alsina","24de Septiembre","15","Plazoleta Ing.Domingo Torres, San Miguel de Tucuman, Tucuman, Argentina","","","","false","revisar","","sin_resultado_confiable",""
"pdf-2026-06-30-182","Dr.William Ernest Cross","Plazoleta","Florida2600y Constitucion","Card Samore","15","Florida 2600 y Constitucion, Card Samore, San Miguel de Tucuman, Tucuman, Argentina","","","","false","revisar","","sin_resultado_confiable",""
"pdf-2026-06-30-183","Sin nombre","Plaza","Av.Americo Vespucioy Av.Colon1900","SEOCI","15","Avenida Americo Vespucio y Avenida Colon 1900, SEOCI, San Miguel de Tucuman, Tucuman, Argentina","","","","false","revisar","","sin_resultado_confiable",""
"pdf-2026-06-30-184","Sin nombre","Platabanda","PLATABANDAAV.AMERICAYDIAGONAL90HASTARAPELLI","B*FE PUT","15","PLATABANDAAV.AMERICAYDIAGONAL 90 HASTARAPELLI, B*FE PUT, San Miguel de Tucuman, Tucuman, Argentina","","","","false","revisar","","sin_resultado_confiable",""
"pdf-2026-06-30-185","Enrique G.Hamilton","Plaza","Isabel la Catolica600(entre Maipuy Munecas)","Los Pinos Il","15","Isabel la Catolica 600 entre Maipu y Munecas, Los Pinos Il, San Miguel de Tucuman, Tucuman, Argentina","","","","false","revisar","","sin_resultado_confiable",""
"pdf-2026-06-30-186","Sin nombre","Espacio Verde","Costadodel BMutual Policial paralelo alcanalsur PU:323325,328","","15","Costadodel BMutual Policial paralelo alcanalsur, San Miguel de Tucuman, Tucuman, Argentina","","","","false","revisar","","sin_resultado_confiable",""
"pdf-2026-06-30-187","Sin nombre","Espacioverde","Av.Papa Fcoentre Jose Ingenieroy PMiguel Araoz-DELCENTROALSUR- P.U.393 COOPERATIVA PRENDATUC","","15","Avenida Papa Fco entre Jose Ingeniero y PMiguel Araoz DELCENTROALSUR, San Miguel de Tucuman, Tucuman, Argentina","","","","false","revisar","","sin_resultado_confiable",""
"pdf-2026-06-30-188","Virgendel Rosariode San Nicolas","Plazoleta","Jose Manuel Estrada3800,esquina Fray M.Esquiu","Cooperget Il","16","Jose Manuel Estrada 3800,esquina Fra y M.Esquiu, Cooperget Il, San Miguel de Tucuman, Tucuman, Argentina","","","","false","revisar","","sin_resultado_confiable",""
"pdf-2026-06-30-189","Dr.Pedro Cossio Paz","Plazoleta","Jose Frias Araujoy Guido L.Garcia(Altura Espania4300)","Ampliacion Padilla","16","Jose Frias Araujo y Guido L.Garcia Altura Espania 4300, Ampliacion Padilla, San Miguel de Tucuman, Tucuman, Argentina","","","","false","revisar","","sin_resultado_confiable",""
"pdf-2026-06-30-190","25de Mayo","Plaza","Castro Barrosentre Ecuadory Paraguay","Kennedy","16","Castro Barros entre Ecuador y Paraguay, Kennedy, San Miguel de Tucuman, Tucuman, Argentina","","","","false","revisar","","sin_resultado_confiable",""
"pdf-2026-06-30-191","ATSA","Plazoleta","Av.Ejercitode Nortentre Paraguayy Ecuador","","16","Avenida Ejercitode Nort entre Paraguay y Ecuador","AV EJERCITO DEL NORTE (ENTRE PARAGUAY Y ECUADOR), San Miguel de Tucumán, Capital, Tucumán, San Miguel de Tucuman, Capital, Tucuman","-26.803114042","-65.2261923275","true","media","10.00","calle_o_tramo_aproximado","Georef Argentina v2"
"pdf-2026-06-30-192","ATSA","Plaza","Av.Ejercitodel Norte,entre Colombiay Venezuela","","16","Avenida Ejercitodel Norte,entre Colombia y Venezuela, San Miguel de Tucuman, Tucuman, Argentina","","","","false","revisar","","sin_resultado_confiable",""
"pdf-2026-06-30-193","ATSAII","Plaza","Thamesentre Paraguayy Ecuador","","16","Thames entre Paraguay y Ecuador, San Miguel de Tucuman, Tucuman, Argentina","","","","false","revisar","","sin_resultado_confiable",""
"pdf-2026-06-30-194","S/N","Plaza","Thamesy Paraguay","","16","Thames y Paraguay","JOSE IGNACIO THAMES (ESQUINA PARAGUAY), San Miguel de Tucumán, Capital, Tucumán, San Miguel de Tucuman, Capital, Tucuman","-26.804292377","-65.223829946","true","media","10.00","calle_o_tramo_aproximado","Georef Argentina v2"
"pdf-2026-06-30-195","Sin nombre","Espacio Verde","B*Mutual Provincial. PU:480,481","","16","Barrio Mutual Provincial., San Miguel de Tucuman, Tucuman, Argentina","","","","false","revisar","","sin_resultado_confiable",""
"pdf-2026-06-30-196","Sin nombre","Espacio Verde","FFCC,desde San Juanhasta Av.Sarmiento,praleloa Marco Avellaneda. PU:315al318","","16","FFCC,desde San Juanhasta Avenida Sarmiento,praleloa Marco Avenida ellaneda., San Miguel de Tucuman, Tucuman, Argentina","","","","false","revisar","","sin_resultado_confiable",""
"pdf-2026-06-30-197","Sin nombre","Espacio Verde","Av.Papa Fcoentre Jose Ingenieroy PMiguel Araoz-DELCENTROALNORTE- P.U.393","","16","Avenida Papa Fco entre Jose Ingeniero y PMiguel Araoz DELCENTROALNORTE, San Miguel de Tucuman, Tucuman, Argentina","","","","false","revisar","","sin_resultado_confiable",""
"pdf-2026-06-30-198","v Centenario","Parque","Av.Belgrano4250 COOPERATIVASANTA GUADALUPE","Parque","17","Avenida Belgrano 4250, Parque, San Miguel de Tucuman, Tucuman, Argentina","Avenida Belgrano, Modelo, Villa Luján, San Miguel de Tucumán, Departamento Capital, Tucumán, T4000, Argentina","","","false","revisar","2.75","calle_o_tramo_aproximado",""
"pdf-2026-06-30-199","Rene Favaloro","Plaza","Bernabe Araoz4000,esquina Rene Favaloro","Parque Sur","18","Bernabe Araoz 4000,esquina Rene Favaloro, Parque Sur, San Miguel de Tucuman, Tucuman, Argentina","","","","false","revisar","","sin_resultado_confiable",""
"pdf-2026-06-30-200","Las Americas","Plaza","Federico Helguera1900-Mejico3200","Ampliacion Kennedy","18","Plaza Las Americas, San Miguel de Tucuman, Tucuman, Argentina","Plaza de las Américas, San Miguel de Tucumán, Departamento Capital, Tucumán, T4000, Argentina","-26.7965128","-65.2419124","true","alta","5.25","nombre_del_espacio","OpenStreetMap Nominatim"
"pdf-2026-06-30-201","B*Policial IV","Plaza","Fria Silvay Mercedesde Sanmartin- P.U259","B*Policial IV","23","Fria Silva y Mercedesde Sanmartin, B*Policial IV, San Miguel de Tucuman, Tucuman, Argentina","","","","false","revisar","","sin_resultado_confiable",""
"pdf-2026-06-30-202","Alfredo Palacio","Terraplen","Alfredo Palaciosentre Av.Gobernadordel Campoy Av.Martin Berho PU:314","B°COPIAT","23","Alfredo Palacios entre Avenida Gobernadordel Campo y Avenida Martin Berho, B°COPIAT, San Miguel de Tucuman, Tucuman, Argentina","","","","false","revisar","","sin_resultado_confiable",""
"pdf-2026-06-30-203","Juan Manuelde Rosas","Plaza","Diagonal Padre Montiycalle Luis M.Drago- PU:161 COOPERATIVAELGAUCHO","B*Padre Monti","23","Diagonal Padre Montiycalle Luis M.Drago, B*Padre Monti, San Miguel de Tucuman, Tucuman, Argentina","","","","false","revisar","","sin_resultado_confiable",""
"pdf-2026-06-30-204","Dr.Mario Molina","Plaza","Inca Garcilaso del a Vega,Pje.Alfredo Nobely Sara Carreras","","19","Inca Garcilaso de la Vega,Pasaje Alfredo Nobel y Sara Carreras, San Miguel de Tucuman, Tucuman, Argentina","","","","false","revisar","","sin_resultado_confiable",""
"pdf-2026-06-30-205","S/N","Plaza","Colombia4500y E.Echeverria","Farmaceutico","19","Plaza S N, San Miguel de Tucuman, Tucuman, Argentina","Plaza Perú, San Miguel de Tucumán, Departamento Capital, Tucumán, T4000, Argentina","","","false","revisar","1.00","coincidencia_aproximada",""
"pdf-2026-06-30-206","Diagonal90","Boulevard","Diagonal90entre Mejicoy Pje.Tagle","","19","Diagonal 90 entre Mejico y Pasaje Tagle, San Miguel de Tucuman, Tucuman, Argentina","","","","false","revisar","","sin_resultado_confiable",""
"pdf-2026-06-30-207","S/N","Plaza","sabella Catolica1600,esquina Lucas Cordoba","Los Andes","19","Plaza S N, San Miguel de Tucuman, Tucuman, Argentina","Plaza Perú, San Miguel de Tucumán, Departamento Capital, Tucumán, T4000, Argentina","","","false","revisar","1.00","coincidencia_aproximada",""
"pdf-2026-06-30-208","ESPERANZA","Plaza","","","19","Plaza ESPERANZA, San Miguel de Tucuman, Tucuman, Argentina","Plaza Esperanza, Juan Benjamín Terán, Ampliación Ciudadela, Floresta, San Miguel de Tucumán, Departamento Capital, Tucumán, T4000, Argentina","-26.8250326","-65.2410872","true","alta","5.25","nombre_del_espacio","OpenStreetMap Nominatim"
"pdf-2026-06-30-209","Nestor Kirchner","Boulevard","Av.Kirchnerentre Av.Alemy Av.Adolfo dela ega.lncluyeplatabandaangosta","","22","Nestor Kirchner, San Miguel de Tucuman, Tucuman, Argentina","Avenida Néstor Kirchner, Ampliación Ciudadela, 24 de septiembre, San Miguel de Tucumán, Departamento Capital, Tucumán, T4000, Argentina","-26.8370639","-65.2386018","true","media","5.25","calle_o_tramo_aproximado","OpenStreetMap Nominatim"
"pdf-2026-06-30-210","Sin nombre","Plaza","Manuel Estrada4000","Congreso","22","Manuel Estrada 4000, Congreso, San Miguel de Tucuman, Tucuman, Argentina","Manuel Estrada, Congreso, San Miguel de Tucumán, Departamento Capital, Tucumán, T4000, Argentina","-26.7891821","-65.2515313","true","media","5.50","calle_o_tramo_aproximado","OpenStreetMap Nominatim"
"pdf-2026-06-30-211","Sin nombre","Centro Autopista","P.U.284-Km","","22","","","","","false","revisar","","sin_resultado_confiable",""
"pdf-2026-06-30-212","Amador Lucero","Boulevard","Amador Lucero/Thamesentre Lavalley San Martin COOPERATIVAAGUAS DEL VALLE TRAMO1DEROCAAINDEPENDENCIA TRAMO2DEINDEPENDENCIAARUTA301","","22","Amador Lucero, San Miguel de Tucuman, Tucuman, Argentina","Amador Lucero, Kirchner, Manantial Sur, San Miguel de Tucumán, Departamento Lules, Tucumán, T4128, Argentina","-26.8685325","-65.2401321","true","media","6.00","calle_o_tramo_aproximado","OpenStreetMap Nominatim"
"pdf-2026-06-30-213","CANALSUR","Platabanda"," TRAMO3DEINDEPENDENCIAACOLON TRAMO4DECOLONAINDEPENDENCIA COOPERATIVACONSTRUNOR","","20","Platabanda CANALSUR, San Miguel de Tucuman, Tucuman, Argentina","","","","false","revisar","","sin_resultado_confiable",""
"pdf-2026-06-30-214","Alejandro Heredia","Plaza","Chile3300","Mo del o","21","Chile 3300, San Miguel de Tucuman, Tucuman, Argentina","Chile, Juan XXIII, San Miguel de Tucumán, Departamento Capital, Tucumán, T4000, Argentina","","","false","revisar","2.75","calle_o_tramo_aproximado",""
"pdf-2026-06-30-215","Dupuy(ex Navarro)","Plaza","San Juan4700esquina Martin Rodriguez","Alperovich","21","San Juan 4700 esquina Martin Rodriguez, Alperovich, San Miguel de Tucuman, Tucuman, Argentina","","","","false","revisar","","sin_resultado_confiable",""
"pdf-2026-06-30-216","Cristobal Colon","Plazoleta","Diegode Rojasy Domingo Matheu3100","Independenciall","21","Diegode Rojas y Domingo Matheu 3100, Independenciall, San Miguel de Tucuman, Tucuman, Argentina","","","","false","revisar","","sin_resultado_confiable",""
"pdf-2026-06-30-217","Dr.Ramon Domingo Auad","Plaza","Pueyrredon2000y Baunany","SEOC200viviendas","21","Plaza Dr.Ramon Domingo Auad, San Miguel de Tucuman, Tucuman, Argentina","","","","false","revisar","","sin_resultado_confiable",""
"pdf-2026-06-30-218","Heroesde Malvinas","Plazoleta","Francia1350y Mario Bravo","El Parque","21","Francia 1350 y Mario Bravo, El Parque, San Miguel de Tucuman, Tucuman, Argentina","","","","false","revisar","","sin_resultado_confiable",""
