source_key,name,address,neighborhood,section_code,query,normalized_address,latitude,longitude,accepted,reason,token_matches,geocoding_source
"pdf-2026-06-30-001","Virgen del a Merced(Amalia)","Lavaissey Entre Rios","Toledo","1","Lavaissey Entre Rios","","","","false","sin_resultado_en_geocodificadores","",""
"pdf-2026-06-30-002","Antartida Argentina","Bernabe Araoz1700y Jose Malabia","Sgto Lay","1","Bernabe Araoz 1700 y Jose Malabia","","","","false","sin_resultado_en_geocodificadores","",""
"pdf-2026-06-30-003","Juan Gutemberg","Democraciay Ayacucho","EIGrafico/Diza","1","Democraciay Ayacucho","","","","false","sin_resultado_en_geocodificadores","",""
"pdf-2026-06-30-004","Villa Amalia2-Boulevard Magallanes","Hernandode Magallanes300,entrelas Herasy Congreso","Villa Amalia","1","Hernandode Magallanes 300,entrelas Herasy Congreso","","","","false","sin_resultado_en_geocodificadores","",""
"pdf-2026-06-30-005","Ingreso San Cayetano","Beruttiy Anselmo Rojo","","1","Beruttiy Anselmo Rojo","","","","false","sin_resultado_en_geocodificadores","",""
"pdf-2026-06-30-006","Juan Pabloll(delarteycultura)","Mejico4300-Gregorio V.de Andrade1900","Congreso","1","Mejico 4300-Gregorio V.de Andrade 1900","","","","false","sin_resultado_en_geocodificadores","",""
"pdf-2026-06-30-007","Alberto Garcia Hamilton","Ecuador4200","o'Connors","1","Ecuador 4200","ECUADOR 4200, San Miguel de Tucumán, Capital, Tucumán","","","false","nominatim_ignoro_altura","ecuador|4200",""
"pdf-2026-06-30-008","Capitan Can dela ria","Suipacha1300","Villa Urquiza","1","Suipacha 1300","SUIPACHA 1300, San Miguel de Tucumán, Capital, Tucumán","","","false","nominatim_ignoro_altura","suipacha|1300",""
"pdf-2026-06-30-009","Francisco Jose Ponssa","Juramentoala Banderay Yamandu Rodriguez","Las Brisas","1","Juramentoala Banderay Yamandu Rodriguez","","","","false","sin_resultado_en_geocodificadores","",""
"pdf-2026-06-30-010","Jose Sortheix","Americo Vespucio1600,esquina Prospero Mena","Juan BTeran","1","Americo Vespucio 1600,esquina Prospero Mena","","","","false","sin_resultado_en_geocodificadores","",""
"pdf-2026-06-30-011","Juan Crisostomo Mendez","Pje.Vega1065y La Rioja","EICruce","1","Pje.Vega 1065 y La Rioja","","","","false","sin_resultado_en_geocodificadores","",""
"pdf-2026-06-30-012","Dolores Cordoba del a Vega","Saavedra2300","Aguas Corrientes","1","Saavedra 2300","CORNELIO SAAVEDRA 2300, San Miguel de Tucumán, Capital, Tucumán","","","false","nominatim_ignoro_altura","saavedra|2300",""
"pdf-2026-06-30-013","Mario Bravo","Asunci6n1100y Pje.Arenales","EIBosque","1","Asunci 6 n 1100 y Pje.Arenales","","","","false","sin_resultado_en_geocodificadores","",""
"pdf-2026-06-30-014","Rev.Padre Jose Punta","Isabella Catlica1800,esquina San Miguel","Gas del estado","1","Isabella Catlica 1800,esquina San Miguel","","","","false","sin_resultado_en_geocodificadores","",""
"pdf-2026-06-30-015","Pujyana","Santiago3200","SITRAVII","1","Santiago 3200","SANTIAGO DEL ESTERO 3200, San Miguel de Tucumán, Capital, Tucumán","","","false","nominatim_ignoro_altura","santiago|3200",""
"pdf-2026-06-30-016","Republicade Bolivia","Av.Matede Lunay Av.America(hasta Pje.Del Prado)","Belgrano","1","Av.Matede Lunay Av.America(hasta Pje.Del Prado)","","","","false","sin_resultado_en_geocodificadores","",""
"pdf-2026-06-30-017","SMATAI","Batalla de Boyacay Adolfo Alsina.Detras dela Coca.Son dos plazas","SMATAI","1","Batalla de Boyacay Adolfo Alsina.Detras dela Coca.Son dos plazas","","","","false","sin_resultado_en_geocodificadores","",""
"pdf-2026-06-30-018","Capitan Medina","Pje.Juan Cruz Varela entre38/51NOy Paso del os Andes.","16de Junio","1","Pje.Juan Cruz Varela entre 38/51 NOy Paso del os Andes.","","","","false","sin_resultado_en_geocodificadores","",""
"pdf-2026-06-30-019","Sin nombre","Rafael Obligadoy Calle63NO","Telefonico","1","Rafael Obligadoy Calle 63 NO","","","","false","sin_resultado_en_geocodificadores","",""
"pdf-2026-06-30-020","Anselmo Rojo","Anselmo Rojodesde Belisario Lopezhasta Rotondade San Cayetano","","1","Anselmo Rojodesde Belisario Lopezhasta Rotondade San Cayetano","","","","false","sin_resultado_en_geocodificadores","",""
"pdf-2026-06-30-021","S/N","Lidoro Quinterosy San Genaro P.U.471","314Viviendas","7","Lidoro Quinterosy San Genaro","","","","false","sin_resultado_en_geocodificadores","",""
"pdf-2026-06-30-022","B°130Viviendas","AV.71Noreste Desde Cuba hasta Atahualpa- P.U.1-371-372-374-377-39-40-37-371-PARTE DEL P.U38-(SIN","","7","AV.71 Noreste Desde Cuba hasta Atahualpa-","","","","false","sin_resultado_en_geocodificadores","",""
"pdf-2026-06-30-023","Banda del Rio Sali"," PLAZA HEROESDE MALVINAY P.U.375) OBEID","","7","PLAZA HEROESDE MALVINAY","","","","false","sin_resultado_en_geocodificadores","",""
"pdf-2026-06-30-024","Deodora Roco","Pje.Saenz Penia3700","Cooperget","2","Pje.Saenz Penia 3700","PJE LUIS SAENZ PENA 3700, San Miguel de Tucumán, Capital, Tucumán","","","false","sin_resultado_en_geocodificadores","saenz|3700",""
"pdf-2026-06-30-025","Don Bosco","Santiago delestero 1800,esquina Pje.Felix Frias","Don Bosco","2","Santiago delestero 1800,esquina Pje.Felix Frias","","","","false","sin_resultado_en_geocodificadores","",""
"pdf-2026-06-30-026","San Expedito(Campora)","Ayacucho4100y Araujo","Blasco","2","Ayacucho 4100 y Araujo","","","","false","sin_resultado_en_geocodificadores","",""
"pdf-2026-06-30-027","Centenario","Alsinaentre Morenoy Entre Rios","Vvilla Alem","2","Alsinaentre Morenoy Entre Rios","","","","false","sin_resultado_en_geocodificadores","",""
"pdf-2026-06-30-028","Leopoldo Marechal","Alsina,entre Pje.Neuqueny Entre Rios","Villa Alem","2","Alsina,entre Pje.Neuqueny Entre Rios","","","","false","sin_resultado_en_geocodificadores","",""
"pdf-2026-06-30-030","M.M.de Guemes","Fortunata Garciay Ayacucho","Eva Peron","2","Fortunata Garciay Ayacucho","","","","false","sin_resultado_en_geocodificadores","",""
"pdf-2026-06-30-031","Almafuerte","Pasaje Einsteiny La Rioja","Los Andes","2","Pasaje Einsteiny La Rioja","","","","false","sin_resultado_en_geocodificadores","",""
"pdf-2026-06-30-032","Lozano Munoz","Sargento Cabral2100","Echeverria","2","Sargento Cabral 2100","SGT CABRAL 2100, San Miguel de Tucumán, Capital, Tucumán","","","false","nominatim_ignoro_altura","cabral|2100",""
"pdf-2026-06-30-033","8*Blasco","PU:44y69 COOP.REMACOOP","","2","","","","","false","sin_direccion_consultable","",""
"pdf-2026-06-30-034","Miguel Campero","Colombia4600","Los Tarcos Ill","3","Colombia 4600","COLOMBIA 4600, San Miguel de Tucumán, Capital, Tucumán","","","false","nominatim_ignoro_altura","colombia|4600",""
"pdf-2026-06-30-035","Juan Eduardo Tenreyro","Ollerosy Av.Colon2200","Sutiaga","3","Ollerosy Av.Colon 2200","","","","false","sin_resultado_en_geocodificadores","",""
"pdf-2026-06-30-036","Alberto Rouges","O'Higgins1900y Pje.Jose Benito Gonzalez","Los Vasquez","3","O'Higgins 1900 y Pje.Jose Benito Gonzalez","","","","false","sin_resultado_en_geocodificadores","",""
"pdf-2026-06-30-037","Italia","Italiaentre Balcarcey25de Mayo","","3","Italiaentre Balcarcey 25 de Mayo","BALCARCE 25, San Miguel de Tucumán, Capital, Tucumán","","","false","sin_resultado_en_geocodificadores","",""
"pdf-2026-06-30-038","Sin nombre","Av.Belgrano,Caminodel Peru,Viamonte","","3","Av.Belgrano,Caminodel Peru,Viamonte","","","","false","sin_resultado_en_geocodificadores","",""
"pdf-2026-06-30-039","Sin nombre","Av.Matede Luna,Caminodel Peru,Viamonte","","3","Av.Matede Luna,Caminodel Peru,Viamonte","","","","false","sin_resultado_en_geocodificadores","",""
"pdf-2026-06-30-040","Sin nombre","Catamarcaentre Santiagoe Italia","","3","Catamarcaentre Santiagoe Italia","","","","false","sin_resultado_en_geocodificadores","",""
"pdf-2026-06-30-041","Sin nombre","Av.Benjamin Araozentre Circunvalaciony Soldati","","3","Av.Benjamin Araozentre Circunvalaciony Soldati","","","","false","sin_resultado_en_geocodificadores","",""
"pdf-2026-06-30-042","Sin nombre","Av.Gdor.Del Campoentre Circunvalaciony Soldati","","3","Av.Gdor.Del Campoentre Circunvalaciony Soldati","","","","false","sin_resultado_en_geocodificadores","",""
"pdf-2026-06-30-043","Sin nombre","Av.Alemy Av.Mitre desde plazoletamitre hasta magallanes","","3","Av.Alemy Av.Mitre desde plazoletamitre hasta magallanes","","","","false","sin_resultado_en_geocodificadores","",""
"pdf-2026-06-30-044","Sin nombre","Av.Sarmientoentre J.B.Justoy Lucas Cordoba","","3","Av.Sarmientoentre J.B.Justoy Lucas Cordoba","","","","false","sin_resultado_en_geocodificadores","",""
"pdf-2026-06-30-045","Sin nombre","Av.Colectoracanalsur-desdeindependenciahasta Americo Vespucio lado este.","","3","Av.Colectoracanalsur-desdeindependenciahasta Americo Vespucio lado este.","","","","false","sin_resultado_en_geocodificadores","",""
"pdf-2026-06-30-046","Sin nombre","Av.Independenciaentre Alemy Canal Sur","","3","Av.Independenciaentre Alemy Canal Sur","","","","false","sin_resultado_en_geocodificadores","",""
"pdf-2026-06-30-047","Sin nombre","Boulevarddeav.Independenciadesde Geronimo Helguera hasta huemul","","3","Boulevarddeav.Independenciadesde Geronimo Helguera hasta huemul","","","","false","sin_resultado_en_geocodificadores","",""
"pdf-2026-06-30-048","Sin nombre","Av.Ejercito del norte/Colondesde Fcode Aguirrehasta Americo Vespucio","","3","Av.Ejercito del norte/Colondesde Fcode Aguirrehasta Americo Vespucio","","","","false","sin_resultado_en_geocodificadores","",""
"pdf-2026-06-30-049","Sin nombre","Alfredo Guzman-Caminodel Peruentre Crisostomoy Belgrano.","","3","Alfredo Guzman-Caminodel Peruentre Crisostomoy Belgrano.","","","","false","sin_resultado_en_geocodificadores","",""
"pdf-2026-06-30-050","Sin nombre","Juanbjusto/avellaneda/Saenzpenadefcode Aguirre hasta roca","","3","Juanbjusto/avellaneda/Saenzpenadefcode Aguirre hasta roca","","","","false","sin_resultado_en_geocodificadores","",""
"pdf-2026-06-30-051","Sin nombre","Av.Martinberho desde avjuanbjusto hasta coronel Suarez","","3","Av.Martinberho desde avjuanbjusto hasta coronel Suarez","","","","false","sin_resultado_en_geocodificadores","",""
"pdf-2026-06-30-052","Sin nombre","Democraciaentre Jujuyycircunvalacion","","3","Democraciaentre Jujuyycircunvalacion","","","","false","sin_resultado_en_geocodificadores","",""
"pdf-2026-06-30-053","Sin nombre","Av-Mexicodesde Republicade Libanohasta Av Ejercitodel Norte","","3","Av-Mexicodesde Republicade Libanohasta Av Ejercitodel Norte","","","","false","sin_resultado_en_geocodificadores","",""
"pdf-2026-06-30-054","Sin nombre","Av.Papa Franciscodesde Av.Benjamin Araozhasta Rotondade San Cayetano","","3","Av.Papa Franciscodesde Av.Benjamin Araozhasta Rotondade San Cayetano","","","","false","sin_resultado_en_geocodificadores","",""
"pdf-2026-06-30-055","Sin nombre","Av.Estadode Israele Italiahasta Rotondadecalle Ecuador(incluida)","","3","Av.Estadode Israele Italiahasta Rotondadecalle Ecuador(incluida)","","","","false","sin_resultado_en_geocodificadores","",""
"pdf-2026-06-30-056","Sin nombre","Av.Santiagodel Esterodesde Dr.Alfredo Amenabarhasta Esteban Echeverria","","3","Av.Santiagodel Esterodesde Dr.Alfredo Amenabarhasta Esteban Echeverria","","","","false","sin_resultado_en_geocodificadores","",""
"pdf-2026-06-30-057","Mercedes Sosa","Av.Benjamin Araozy Av.Papa Francisco COOP.PROFETAISAIAS","","3","Av.Benjamin Araozy Av.Papa Francisco COOP.PROFETAISAIAS","","","","false","sin_resultado_en_geocodificadores","",""
"pdf-2026-06-30-058","Sin nombre","Pedro Miguel Araozentre Papa Franciscoy Silvano Bores","","3A","Pedro Miguel Araozentre Papa Franciscoy Silvano Bores","","","","false","sin_resultado_en_geocodificadores","",""
"pdf-2026-06-30-059","Sin nombre","Jujuyentre Platay Democracia","","3A","Jujuyentre Platay Democracia","","","","false","sin_resultado_en_geocodificadores","",""
"pdf-2026-06-30-060","Sin nombre","Av.coronel Suarezdesde Martinberho hasta benjamin Araoz","","3A","Av.coronel Suarezdesde Martinberho hasta benjamin Araoz","","","","false","sin_resultado_en_geocodificadores","",""
"pdf-2026-06-30-061","Sin nombre","Av.fcode Aguirre desde juanb.justo hasta camino del peru","","3A","Av.fcode Aguirre desde juanb.justo hasta camino del peru","","","","false","sin_resultado_en_geocodificadores","",""
"pdf-2026-06-30-062","Sin nombre","Brigidoterandesde24deseptiembrehasta avroca","","3A","Brigidoterandesde 24 deseptiembrehasta avroca","","","","false","sin_resultado_en_geocodificadores","",""
"pdf-2026-06-30-063","Sin nombre","Av.Americo Vespucio desde av Alem hasta canalsur","","3A","Av.Americo Vespucio desde av Alem hasta canalsur","","","","false","sin_resultado_en_geocodificadores","",""
"pdf-2026-06-30-064","Sin nombre","Joseing.Entrepapafranciscoybrigidoteran","","3A","Joseing.Entrepapafranciscoybrigidoteran","","","","false","sin_resultado_en_geocodificadores","",""
"pdf-2026-06-30-065","Sin nombre","Pedromiguelaraoz entre papafranciscoysaenzpea","","3A","Pedromiguelaraoz entre papafranciscoysaenzpea","","","","false","sin_resultado_en_geocodificadores","",""
"pdf-2026-06-30-066","Sin nombre","Av.Coronel Zelaya desde Canalsurhasta Av Manantial","","3A","Av.Coronel Zelaya desde Canalsurhasta Av Manantial","","","","false","sin_resultado_en_geocodificadores","",""
"pdf-2026-06-30-067","Sin nombre","Av.Rocadesde Plazoleta Dorregohasta Av.Alem","","3A","Av.Rocadesde Plazoleta Dorregohasta Av.Alem","","","","false","sin_resultado_en_geocodificadores","",""
"pdf-2026-06-30-068","Sin nombre","Av.Siriadesde Sarmientohasta Acceso Norte","","3A","Av.Siriadesde Sarmientohasta Acceso Norte","","","","false","sin_resultado_en_geocodificadores","",""
"pdf-2026-06-30-069","Sin nombre","Av.Colondesde Americayolleroshasta Av Manantial","","3A","Av.Colondesde Americayolleroshasta Av Manantial","","","","false","sin_resultado_en_geocodificadores","",""
"pdf-2026-06-30-070","Sin nombre","351-352-356-358-357-353-354-355-360-361-363-364-365-366-359 CONSTRUTUC","","3A","351-352-356-358-357-353-354-355-360-361-363-364-365-366-359 CONSTRUTUC","","","","false","sin_resultado_en_geocodificadores","",""
"pdf-2026-06-30-071","Norte","ACCESONORTE P.U.97-81-82-83-84-145-35-85-86-74-146.","","4","ACCESONORTE","","","","false","sin_resultado_en_geocodificadores","",""
"pdf-2026-06-30-072","Alderetes","ACCESOESTEALDERETE P.U.96-51-50-48-34-33-463-462-45-46-47-95-71-94","","4","ACCESOESTEALDERETE","","","","false","sin_resultado_en_geocodificadores","",""
"pdf-2026-06-30-073","Provincial","Av.Rocaentre Ayacuchoy9de Julio","","4A","Av.Rocaentre Ayacuchoy 9 de Julio","AYACUCHO 9, San Miguel de Tucumán, Capital, Tucumán","","","false","sin_resultado_en_geocodificadores","",""
"pdf-2026-06-30-074","Sin nombre","Av.Circunvalaci6n N*277-276-278-274-279-280 PROYECTARFUTURO","","4A","Av.Circunvalaci 6 n N*277-276-278-274-279-280 PROYECTARFUTURO","","","","false","sin_resultado_en_geocodificadores","",""
"pdf-2026-06-30-075","San Cayetano","SECTORES36-42-65-72-73-88-89-90-91-92-369-388/Noincluyerotondas292y516","","5","SECTORES 36-42-65-72-73-88-89-90-91-92-369-388/Noincluyerotondas 292 y 516","","","","false","sin_resultado_en_geocodificadores","",""
"pdf-2026-06-30-076","Sin nombre","SECTORES368-370-498-381-382-383-384-385-386-387-379-380-378-375 COOPERATIVA13DEENERO","","5A","SECTORES 368-370-498-381-382-383-384-385-386-387-379-380-378-375 COOPERATIVA 13 DEENERO","","","","false","sin_resultado_en_geocodificadores","",""
"pdf-2026-06-30-077","Cesar Cipolletti","Mejico4300","","6","Mejico 4300","MEJICO 4300, San Miguel de Tucumán, Capital, Tucumán","","","false","nominatim_ignoro_altura","mejico|4300",""
"pdf-2026-06-30-078","S/N","Mario Bravoy71NE P.U.271","130Viviendas","6","Mario Bravoy 71 NE","DR MARIO BRAVO 71, San Miguel de Tucumán, Capital, Tucumán","","","false","sin_resultado_en_geocodificadores","mario",""
"pdf-2026-06-30-079","S/N","71NEentre Coronel Suarezy Lola Mora P.U.272","130Viviendas","6","71 NEentre Coronel Suarezy Lola Mora","","","","false","sin_resultado_en_geocodificadores","",""
"pdf-2026-06-30-080","S/N","Mario Bravoentre73NEy28/23NE P.U.273","130Viviendas","6","Mario Bravoentre 73 NEy 28/23 NE","","","","false","sin_resultado_en_geocodificadores","",""
"pdf-2026-06-30-081","Maria Auxiliadora","Don Orioney Diagonal90(3triangulos).VERMAPA","","6","Don Orioney Diagonal 90(3 triangulos).VERMAPA","","","","false","sin_resultado_en_geocodificadores","",""
"pdf-2026-06-30-082","Barrancasdel Sali B","C.38NORESTEYC.NOROESTE","B*Barrancasdel Sali","6","C.38 NORESTEYC.NOROESTE","PJE C DE LAS CARRERAS 38, San Miguel de Tucumán, Capital, Tucumán","","","false","sin_resultado_en_geocodificadores","",""
"pdf-2026-06-30-083","Veradecanal","CANALSUR-TRAMO5DECOLONADIAGONAL-TRAMO6DEDIAGONALACOLON","","6","CANALSUR-TRAMO 5 DECOLONADIAGONAL-TRAMO 6 DEDIAGONALACOLON","","","","false","sin_resultado_en_geocodificadores","",""
"pdf-2026-06-30-084","BSan Martin","Av.Povina（Ruta provincial301-Caminode Sirga)","","6","Av.Povina（Ruta provincial 301-Caminode Sirga)","","","","false","sin_resultado_en_geocodificadores","",""
"pdf-2026-06-30-085","Almirante Brown","Pje Vieytesy Miguel Lilo1400","Victoria","6","Pje Vieytesy Miguel Lilo 1400","PJE LINO ENEAS SPILIMBERGO 1400, San Miguel de Tucumán, Capital, Tucumán","","","false","sin_resultado_en_geocodificadores","1400",""
"pdf-2026-06-30-086","Int.Alfredo Guzman","Juramento del a Bandera1200,esquina Mario Bravo（son2endiagonal）","Parque Centenario","6","Juramento del a Bandera 1200,esquina Mario Bravo（son 2 endiagonal）","","","","false","sin_resultado_en_geocodificadores","",""
"pdf-2026-06-30-087","Int.Carlos Maria Torres","Juramento del a Bandera1200,esquina Mario Bravo（son2endiagonal）","Parque Centenario","6","Juramento del a Bandera 1200,esquina Mario Bravo（son 2 endiagonal）","","","","false","sin_resultado_en_geocodificadores","",""
"pdf-2026-06-30-088","Brasil","Pje.Brasil entre Av.J.B.Justoy Maipu","","6","Pje.Brasil entre Av.J.B.Justoy Maipu","","","","false","sin_resultado_en_geocodificadores","",""
"pdf-2026-06-30-089","Caminode Sirga","SECCIONES435-436-483-484","","6","SECCIONES 435-436-483-484","","","","false","sin_resultado_en_geocodificadores","",""
"pdf-2026-06-30-090","Panamay Jose Hernandez","SECCIONES308-309-310","","6","SECCIONES 308-309-310","","","","false","sin_resultado_en_geocodificadores","",""
"pdf-2026-06-30-091","C.de Fragata Pedro E.Giachino","Av.Juan B.Justo2350,esquina Pje.Roberto Berho","","6","Av.Juan B.Justo 2350,esquina Pje.Roberto Berho","","","","false","sin_resultado_en_geocodificadores","",""
"pdf-2026-06-30-092","Gral.Lorenzo Vinter","Espana2900,entre J.L.Nouguesy Pje.Acha","Ampliacion Jardin","6","Espana 2900,entre J.L.Nouguesy Pje.Acha","","","","false","sin_resultado_en_geocodificadores","",""
"pdf-2026-06-30-093","Mons.Miguel de Andrea","Hernando de Magallanes2500","SEOCI","6","Hernando de Magallanes 2500","HERNANDO DE MAGALLANES 2500, San Miguel de Tucumán, Capital, Tucumán","","","false","sin_resultado_en_geocodificadores","hernando|magallanes|2500",""
"pdf-2026-06-30-094","Paseo Egeo","Inca Garcilasoy Buenos Aires","Egeo","6","Inca Garcilasoy Buenos Aires","","","","false","sin_resultado_en_geocodificadores","",""
"pdf-2026-06-30-095","San Miguel Arcangel","Av.Gobernadordel Campoy Circunvalacion","B°Barrancasdel Sali","6","Av.Gobernadordel Campoy Circunvalacion","","","","false","sin_resultado_en_geocodificadores","",""
"pdf-2026-06-30-096","Gral.Manuel Belgrano","Av.Pedro Miguel Araozal500","B*20de junio","6","Av.Pedro Miguel Araozal 500","","","","false","sin_resultado_en_geocodificadores","",""
"pdf-2026-06-30-097","Dr.F.lrrazabal","Mendoza4450","Alperovich","6","Mendoza 4450","MENDOZA 4450, San Miguel de Tucumán, Capital, Tucumán","","","false","nominatim_ignoro_altura","mendoza|4450",""
"pdf-2026-06-30-098","S/N","Lidoro Quinteros2500esquina Lopez Maian. PU482","314Viviendas","6","Lidoro Quinteros 2500 esquina Lopez Maian.","","","","false","sin_resultado_en_geocodificadores","",""
"pdf-2026-06-30-099","Caseros","Colombia00,esquina Catamarca","Villa Urquiza","6","Colombia 00,esquina Catamarca","","","","false","sin_resultado_en_geocodificadores","",""
"pdf-2026-06-30-100","Santisima Trinidad","Alsina300,entre Congresoy Las Heras COOPERATIVATRABAJOSOFICIO","Villa Alem","6","Alsina 300,entre Congresoy Las Heras COOPERATIVATRABAJOSOFICIO","","","","false","sin_resultado_en_geocodificadores","",""
"pdf-2026-06-30-101","Wilde","Suipacha2300,esquinalsabella Catolica","Villa Urquiza","8","Suipacha 2300,esquinalsabella Catolica","","","","false","sin_resultado_en_geocodificadores","",""
"pdf-2026-06-30-102","Dr.Angel Pisarello","Mejicoy Munecas","Los Pinosll","8","Mejicoy Munecas","","","","false","sin_resultado_en_geocodificadores","",""
"pdf-2026-06-30-103","Monumentoal Alfabeto","Diagonal Lisandro del a Torrey Ramirezde Velazco","Los Pinos","8","Diagonal Lisandro del a Torrey Ramirezde Velazco","","","","false","sin_resultado_en_geocodificadores","",""
"pdf-2026-06-30-104","Tte.B.Matienzo","Diaz Velez800y Luis MDrago50","Padre Monti","8","Diaz Velez 800 y Luis MDrago 50","L DRAGO 50, San Miguel de Tucumán, Capital, Tucumán","","","false","sin_resultado_en_geocodificadores","",""
"pdf-2026-06-30-105","Sin nombre","Peri3800","Ampliacion Las Americas","8","Peri 3800","PJE PERIOD M SOSA 3800, San Miguel de Tucumán, Capital, Tucumán","","","false","sin_resultado_en_geocodificadores","3800",""
"pdf-2026-06-30-106","Sin nombre","Mexico YDIAG90LADONORESTE","Congreso","8","Mexico YDIAG 90 LADONORESTE","DIAG DERQUI 90, San Miguel de Tucumán, Capital, Tucumán","","","false","sin_resultado_en_geocodificadores","",""
"pdf-2026-06-30-107","Aramburu","Mendoza3300","San Martinde Porres","8","Mendoza 3300","MENDOZA 3300, San Miguel de Tucumán, Capital, Tucumán","","","false","nominatim_ignoro_altura","mendoza|3300",""
"pdf-2026-06-30-108","Dela Libertad","Carlos Maria Torresentre Chacabucoy Bs Aires4400","Independencia","8","Carlos Maria Torresentre Chacabucoy Bs Aires 4400","BUENOS AIRES 4400, San Miguel de Tucumán, Capital, Tucumán","","","false","sin_resultado_en_geocodificadores","aires|4400",""
"pdf-2026-06-30-110","Miguelde Azcuenaga","Alsina4600 COOPERATIVASANTAQUIARA","San Martin","8","Alsina 4600 COOPERATIVASANTAQUIARA","ADOLFO ALSINA 4600, San Miguel de Tucumán, Capital, Tucumán","","","false","sin_resultado_en_geocodificadores","alsina|4600",""
"pdf-2026-06-30-111","ing.Agr.Jose Ploper","Jose M.Estrada4300","Congreso","9","Jose M.Estrada 4300","JOSE M ESTRADA 4300, San Miguel de Tucumán, Capital, Tucumán","","","false","sin_resultado_en_geocodificadores","jose|estrada|4300",""
"pdf-2026-06-30-112","Diegode Villarroel","Diegode Villarroely Jose Hernandez","Obispo Piedrabuena","9","Diegode Villarroely Jose Hernandez","","","","false","sin_resultado_en_geocodificadores","",""
"pdf-2026-06-30-113","Sin nombre","Estados Unidos1500y Calle Costanera Norte","BCostanera(2 de abril)","9","Estados Unidos 1500 y Calle Costanera Norte","","","","false","sin_resultado_en_geocodificadores","",""
"pdf-2026-06-30-114","Eva Peron","Espana2700y Azcuenaga","Jardin","9","Espana 2700 y Azcuenaga","","","","false","sin_resultado_en_geocodificadores","",""
"pdf-2026-06-30-115","Dr.Pedro Ruiz Huidobro","Viamonte950-Espanay Av.Estado del srael","Ampliacion Jardin","9","Viamonte 950-Espanay Av.Estado del srael","","","","false","sin_resultado_en_geocodificadores","",""
"pdf-2026-06-30-116","Nicolas Levalle(Petete)","Av.Matede Luna3050","San Martinde Porres","9","Av.Matede Luna 3050","AV MATE DE LUNA 3050, San Miguel de Tucumán, Capital, Tucumán","","","false","sin_resultado_en_geocodificadores","luna|3050",""
"pdf-2026-06-30-117","S/N","General Paz3100. PU:4","","9","General Paz 3100.","","","","false","nominatim_ignoro_altura","",""
"pdf-2026-06-30-118","S/N","Don Bosco3200. PU:8","","9","Don Bosco 3200.","","","","false","nominatim_ignoro_altura","",""
"pdf-2026-06-30-119","Alameda del a Victoria","B°Ex Aeropuerto. PU:58","","9","B°Ex Aeropuerto.","","","","false","sin_resultado_en_geocodificadores","",""
"pdf-2026-06-30-120","Vera Autopista","PU:288 COOPERATIVAELINDIO","","9","","","","","false","sin_direccion_consultable","",""
"pdf-2026-06-30-121","Jose Padilla","Padre Roque Correa1600","Zenon Santillan","10","Padre Roque Correa 1600","PADRE ROQUE CORREA 1600, San Miguel de Tucumán, Capital, Tucumán","","","false","nominatim_ignoro_altura","padre|roque|correa|1600",""
"pdf-2026-06-30-122","Ntra.Sra.del Valle","Italia4300","Oeste I","10","Italia 4300","ITALIA 4300, San Miguel de Tucumán, Capital, Tucumán","","","false","nominatim_ignoro_altura","italia|4300",""
"pdf-2026-06-30-123","Salvador Alberti","San Lorenzo3900,esquina Pablo Rojas Paz","Ojode Agua","10","San Lorenzo 3900,esquina Pablo Rojas Paz","","","","false","sin_resultado_en_geocodificadores","",""
"pdf-2026-06-30-125","Garcia Lorca","Marco Avellaneda1900y Mejico","Villa Urquiza","10","Marco Avellaneda 1900 y Mejico","","","","false","sin_resultado_en_geocodificadores","",""
"pdf-2026-06-30-126","Democracia","Ecuador2900","Casino","10","Ecuador 2900","ECUADOR 2900, San Miguel de Tucumán, Capital, Tucumán","","","false","nominatim_ignoro_altura","ecuador|2900",""
"pdf-2026-06-30-127","BBlasco Il(CGT)","Buenos Aires4000","Blascoll","10","Buenos Aires 4000","BUENOS AIRES 4000, San Miguel de Tucumán, Capital, Tucumán","","","false","nominatim_ignoro_altura","buenos|aires|4000",""
"pdf-2026-06-30-128","S/N","Rene Favaloroy Buenos Aires","Lapacho Sur","10","Rene Favaloroy Buenos Aires","","","","false","sin_resultado_en_geocodificadores","",""
"pdf-2026-06-30-129","S/N","Gob.Lazaro Barbieriy 9 de Julio(dos plazas)","Lapacho Sur","10","Gob.Lazaro Barbieriy 9 de Julio(dos plazas)","GOB LAZARO BARBIERI 9, San Miguel de Tucumán, Capital, Tucumán","","","false","sin_resultado_en_geocodificadores","lazaro",""
"pdf-2026-06-30-131","S/N","Costa Ricay Jose Hernandez","SITRAVI","10","Costa Ricay Jose Hernandez","","","","false","sin_resultado_en_geocodificadores","",""
"pdf-2026-06-30-132","Leandro Alem","Juan Larreay Buenos Aires","Ampliacion Villa Alem","10","Juan Larreay Buenos Aires","","","","false","sin_resultado_en_geocodificadores","",""
"pdf-2026-06-30-133","B*Blasco I(Las Rosas Sur)3","Congres0ypje103/8SE","Blasco","10","Congres 0 ypje 103/8 SE","CONGRESO DE TUCUMAN 103, San Miguel de Tucumán, Capital, Tucumán","","","false","sin_resultado_en_geocodificadores","",""
"pdf-2026-06-30-134","Atahualpa Yupanqui","Mejico4100","Viall","10","Mejico 4100","MEJICO 4100, San Miguel de Tucumán, Capital, Tucumán","","","false","nominatim_ignoro_altura","mejico|4100",""
"pdf-2026-06-30-135","Sin nombre","Geronimo Helgueray Av Independencia","","10","Geronimo Helgueray Av Independencia","","","","false","sin_resultado_en_geocodificadores","",""
"pdf-2026-06-30-137","Barrancasdel Sali A","Diegode Villarroely40noreste","Barrancasdel Sali","10","Diegode Villarroely 40 noreste","DIEGO DE VILLARROEL 40, San Miguel de Tucumán, Capital, Tucumán","","","false","sin_resultado_en_geocodificadores","",""
"pdf-2026-06-30-138","Adolfo del a Vega","Adolfo del a Vega entre(desde M.de Lunahasta Roca) COOPERATIVATRABAIOPORMASFUTURO","","10","Adolfo del a Vega entre(desde M.de Lunahasta Roca) COOPERATIVATRABAIOPORMASFUTURO","","","","false","sin_resultado_en_geocodificadores","",""
"pdf-2026-06-30-139","Dr.Cesar Carman","Catamarca,Emilio Castelar,Lisandro del a Torre","Villa Urquiza","11","Catamarca,Emilio Castelar,Lisandro del a Torre","","","","false","sin_resultado_en_geocodificadores","",""
"pdf-2026-06-30-140","Coop.Guemes","San Lucaseltalia","La Merced","11","San Lucaseltalia","","","","false","sin_resultado_en_geocodificadores","",""
"pdf-2026-06-30-141","Sargento D.Juarez","Las Piedras3400/3500","Belgrano","11","Las Piedras 3400/3500","LAS PIEDRAS 3400, San Miguel de Tucumán, Capital, Tucumán","","","false","sin_resultado_en_geocodificadores","piedras|3400",""
"pdf-2026-06-30-142","Int.Gregoriode Zavaleta","Pedro Le6n Gallo149-Pje.Agustin Maza150","Belgrano","11","Pedro Le 6 n Gallo 149-Pje.Agustin Maza 150","MENDOZA 150, San Miguel de Tucumán, Capital, Tucumán","","","false","sin_resultado_en_geocodificadores","",""
"pdf-2026-06-30-143","Jesus del a Divina Misericordia","Crisostomo Alvarez2950","Los Alamos","11","Crisostomo Alvarez 2950","CRISOSTOMO ALVAREZ 2950, San Miguel de Tucumán, Capital, Tucumán","","","false","nominatim_ignoro_altura","crisostomo|alvarez|2950",""
"pdf-2026-06-30-144","islas Malvinas","San Lorenzo2640,esquina Pje.Republica","Floresta","11","San Lorenzo 2640,esquina Pje.Republica","","","","false","sin_resultado_en_geocodificadores","",""
"pdf-2026-06-30-145","Azopardo","Gral.Lavalle1800,esquina Frias Silva","Ciuda del a","11","Gral.Lavalle 1800,esquina Frias Silva","","","","false","sin_resultado_en_geocodificadores","",""
"pdf-2026-06-30-146","Sin nombre","Barrio Pte.Peron. PU:440Calle80/19,desde La Platahasta Av.Independencia","","11","Barrio Pte.Peron.","","","","false","sin_resultado_en_geocodificadores","",""
"pdf-2026-06-30-147","Sin nombre","Barrio Pte.Per6n. PU:438Calle80/19SOentre La Platay Calle Sin Nombre COOPERATIVAJUNTOSPARAVIVIRMEJOR","","11","Barrio Pte.Per 6 n.","","","","false","sin_resultado_en_geocodificadores","",""
"pdf-2026-06-30-148","Francisco Avignone","Italia3200y Bulnes","B°Mo del o","12","Italia 3200 y Bulnes","","","","false","sin_resultado_en_geocodificadores","",""
"pdf-2026-06-30-149","Reina del a Paz","Diegode Villarroel1700","AGEFT","12","Diegode Villarroel 1700","DIEGO DE VILLARROEL 1700, San Miguel de Tucumán, Capital, Tucumán","","","false","sin_resultado_en_geocodificadores","villarroel|1700",""
"pdf-2026-06-30-151","Dorrego","Av.Rocay Saenz Penia","Ex Aeropuerto","12","Av.Rocay Saenz Penia","","","","false","sin_resultado_en_geocodificadores","",""
"pdf-2026-06-30-152","S/N","Manuel Alberti2300,entre Ramirezde Velazcoy Pje Chazarreta","","12","Manuel Alberti 2300,entre Ramirezde Velazcoy Pje Chazarreta","","","","false","sin_resultado_en_geocodificadores","",""
"pdf-2026-06-30-153","Lola Mora","Av.Silvano Bores300y Santa Cruz","Sarmiento","12","Av.Silvano Bores 300 y Santa Cruz","","","","false","sin_resultado_en_geocodificadores","",""
"pdf-2026-06-30-154","Dr.Jose Lucas Penna","Av.Belgrano 2900","Ampliacion Jardin","12","Av.Belgrano 2900","AV BELGRANO 2900, San Miguel de Tucumán, Capital, Tucumán","","","false","nominatim_ignoro_altura","belgrano|2900",""
"pdf-2026-06-30-155","Mitre","Av.Belgrano1400","Plazoleta Mitre","12","Av.Belgrano 1400","AV BELGRANO 1400, San Miguel de Tucumán, Capital, Tucumán","","","false","nominatim_ignoro_altura","belgrano|1400",""
"pdf-2026-06-30-156","GOKU","Ernesto Padilla340,esquina Pje.Ernesto Colombres","Floresta","12","Ernesto Padilla 340,esquina Pje.Ernesto Colombres","","","","false","sin_resultado_en_geocodificadores","",""
"pdf-2026-06-30-158","Alfredo Rojas Paz","Amado Nervo1800-Pje.Juan Heller1800","Judiciall","12","Amado Nervo 1800-Pje.Juan Heller 1800","PJE HELLER 1800, San Miguel de Tucumán, Capital, Tucumán","","","false","sin_resultado_en_geocodificadores","1800|heller|1800",""
"pdf-2026-06-30-159","Los Lapachos","Chacabuco1900","","12","Chacabuco 1900","CHACABUCO 1900, San Miguel de Tucumán, Capital, Tucumán","","","false","nominatim_ignoro_altura","chacabuco|1900",""
"pdf-2026-06-30-160","Lamadrid","Av.Saenz Penay24deseptiembre/Benjamin Araoz","EIBajo(Terminal Vieja)","12","Av.Saenz Penay 24 deseptiembre/Benjamin Araoz","AV SAENZ PENA 24, San Miguel de Tucumán, Capital, Tucumán","","","false","sin_resultado_en_geocodificadores","saenz",""
"pdf-2026-06-30-161","Rotonda San Cayetano","Av.Papa Franciscoy Antonio Berutti","","12","Av.Papa Franciscoy Antonio Berutti","","","","false","sin_resultado_en_geocodificadores","",""
"pdf-2026-06-30-162","America","Av.Americadesde Santa Fehasta Diagonal90. PU:520al538","","12","Av.Americadesde Santa Fehasta Diagonal 90.","","","","false","sin_resultado_en_geocodificadores","",""
"pdf-2026-06-30-163","TERRAPLEN","COSTADOOESTEde Aut.Circunvalacion PU376 COOPERATIVA THADEM","","12","COSTADOOESTEde Aut.Circunvalacion","","","","false","sin_resultado_en_geocodificadores","",""
"pdf-2026-06-30-164","Zenon Santillan","Colombia3100","Ampliacion Kennedy","13","Colombia 3100","COLOMBIA 3100, San Miguel de Tucumán, Capital, Tucumán","","","false","nominatim_ignoro_altura","colombia|3100",""
"pdf-2026-06-30-165","4dejunio","Mendoza3800y Esquiu","Aconquija","13","Mendoza 3800 y Esquiu","","","","false","sin_resultado_en_geocodificadores","",""
"pdf-2026-06-30-166","Los Platanos","Vicente Gallo1400,esquina Pje.Acevedo","Los Platanos","13","Vicente Gallo 1400,esquina Pje.Acevedo","","","","false","sin_resultado_en_geocodificadores","",""
"pdf-2026-06-30-167","Espacioverde","PU460 COOPERATIVALOMASDETAFI","8*Fede Villa","13","","","","","false","sin_direccion_consultable","",""
"pdf-2026-06-30-168","Int.Roberto Avellaneda","Thamesy Lucio Mansilla250","Ferroviario","14","Thamesy Lucio Mansilla 250","PJE MANSILLA 250, San Miguel de Tucumán, Capital, Tucumán","","","false","sin_resultado_en_geocodificadores","mansilla",""
"pdf-2026-06-30-169","Sin nombre","PU-282-283","Autopista","14","","","","","false","sin_direccion_consultable","",""
"pdf-2026-06-30-170","Nicomedes Juri","Juan Padrosy Huemul","240Viviendas","14","Juan Padrosy Huemul","","","","false","sin_resultado_en_geocodificadores","",""
"pdf-2026-06-30-171","S/N","Benigno Vallejoentre Virlay Gorritihasta Juan Padros(2espacios/cuadras)","Vialll","14","Benigno Vallejoentre Virlay Gorritihasta Juan Padros(2 espacios/cuadras)","JUAN PADROS 2, San Miguel de Tucumán, Capital, Tucumán","","","false","sin_resultado_en_geocodificadores","juan|padros",""
"pdf-2026-06-30-172","S/N","Pedro L.Galloentre Juan Padrosy Lopez Manan(esun L,sinlaescuela)","Fede Villa","14","Pedro L.Galloentre Juan Padrosy Lopez Manan(esun L,sinlaescuela)","","","","false","sin_resultado_en_geocodificadores","",""
"pdf-2026-06-30-173","S/N","Av.Rocay Primera Junta","Villa Alem","14","Av.Rocay Primera Junta","","","","false","sin_resultado_en_geocodificadores","",""
"pdf-2026-06-30-174","Joaquin Morales Sola","Diegode Rojas147,alt San Lorenzo3200","Los Alamos","14","Diegode Rojas 147,alt San Lorenzo 3200","SAN LORENZO 3200, San Miguel de Tucumán, Capital, Tucumán","","","false","sin_resultado_en_geocodificadores","lorenzo|3200",""
"pdf-2026-06-30-175","S/N","Ignacio Gorritiy Pedro Berreta","76Viviendas","14","Ignacio Gorritiy Pedro Berreta","","","","false","sin_resultado_en_geocodificadores","",""
"pdf-2026-06-30-176","S/N","Lopez Pondaly Benigno Vallejos","Elena White","14","Lopez Pondaly Benigno Vallejos","","","","false","sin_resultado_en_geocodificadores","",""
"pdf-2026-06-30-177","S/N","Av.71 NE-Pje.71/20NE-Pje.22/71NE P.U.270","130Viviendas","14","Av.71 NE-Pje.71/20 NE-Pje.22/71 NE","","","","false","sin_resultado_en_geocodificadores","",""
"pdf-2026-06-30-178","S/N","Rafael Obligadoy71/20NE P.U.269","130Viviendas","14","Rafael Obligadoy 71/20 NE","RAFAEL OBLIGADO 71, San Miguel de Tucumán, Capital, Tucumán","","","false","sin_resultado_en_geocodificadores","rafael",""
"pdf-2026-06-30-179","S/N","Venezuela200. PU:412 COOPERATIVAAGROPECUARIA","","14","Venezuela 200.","","","","false","nominatim_ignoro_altura","",""
"pdf-2026-06-30-181","Ing.Domingo Torres","Pueyrredon1000y Alsina","24de Septiembre","15","","","","","false","sin_direccion_consultable","",""
"pdf-2026-06-30-182","Dr.William Ernest Cross","Florida2600y Constitucion","Card Samore","15","Florida 2600 y Constitucion","","","","false","sin_resultado_en_geocodificadores","",""
"pdf-2026-06-30-183","Sin nombre","Av.Americo Vespucioy Av.Colon1900","SEOCI","15","Av.Americo Vespucioy Av.Colon 1900","","","","false","sin_resultado_en_geocodificadores","",""
"pdf-2026-06-30-184","Sin nombre","PLATABANDAAV.AMERICAYDIAGONAL90HASTARAPELLI","B*FE PUT","15","PLATABANDAAV.AMERICAYDIAGONAL 90 HASTARAPELLI","","","","false","sin_resultado_en_geocodificadores","",""
"pdf-2026-06-30-185","Enrique G.Hamilton","Isabel la Catolica600(entre Maipuy Munecas)","Los Pinos Il","15","Isabel la Catolica 600(entre Maipuy Munecas)","ISABEL LA CATOLICA 600, San Miguel de Tucumán, Capital, Tucumán","","","false","sin_resultado_en_geocodificadores","isabel|catolica",""
"pdf-2026-06-30-186","Sin nombre","Costadodel BMutual Policial paralelo alcanalsur PU:323325,328","","15","Costadodel BMutual Policial paralelo alcanalsur","","","","false","sin_resultado_en_geocodificadores","",""
"pdf-2026-06-30-187","Sin nombre","Av.Papa Fcoentre Jose Ingenieroy PMiguel Araoz-DELCENTROALSUR- P.U.393 COOPERATIVA PRENDATUC","","15","Av.Papa Fcoentre Jose Ingenieroy PMiguel Araoz-DELCENTROALSUR-","","","","false","sin_resultado_en_geocodificadores","",""
"pdf-2026-06-30-188","Virgendel Rosariode San Nicolas","Jose Manuel Estrada3800,esquina Fray M.Esquiu","Cooperget Il","16","Jose Manuel Estrada 3800,esquina Fray M.Esquiu","","","","false","sin_resultado_en_geocodificadores","",""
"pdf-2026-06-30-189","Dr.Pedro Cossio Paz","Jose Frias Araujoy Guido L.Garcia(Altura Espania4300)","Ampliacion Padilla","16","Jose Frias Araujoy Guido L.Garcia(Altura Espania 4300)","ESPANA 4300, San Miguel de Tucumán, Capital, Tucumán","","","false","sin_resultado_en_geocodificadores","4300",""
"pdf-2026-06-30-190","25de Mayo","Castro Barrosentre Ecuadory Paraguay","Kennedy","16","Castro Barrosentre Ecuadory Paraguay","","","","false","sin_resultado_en_geocodificadores","",""
"pdf-2026-06-30-191","ATSA","Av.Ejercitode Nortentre Paraguayy Ecuador","","16","Av.Ejercitode Nortentre Paraguayy Ecuador","","","","false","sin_resultado_en_geocodificadores","",""
"pdf-2026-06-30-192","ATSA","Av.Ejercitodel Norte,entre Colombiay Venezuela","","16","Av.Ejercitodel Norte,entre Colombiay Venezuela","","","","false","sin_resultado_en_geocodificadores","",""
"pdf-2026-06-30-193","ATSAII","Thamesentre Paraguayy Ecuador","","16","Thamesentre Paraguayy Ecuador","","","","false","sin_resultado_en_geocodificadores","",""
"pdf-2026-06-30-194","S/N","Thamesy Paraguay","","16","Thamesy Paraguay","","","","false","sin_resultado_en_geocodificadores","",""
"pdf-2026-06-30-195","Sin nombre","B*Mutual Provincial. PU:480,481","","16","B*Mutual Provincial.","","","","false","sin_resultado_en_geocodificadores","",""
"pdf-2026-06-30-196","Sin nombre","FFCC,desde San Juanhasta Av.Sarmiento,praleloa Marco Avellaneda. PU:315al318","","16","FFCC,desde San Juanhasta Av.Sarmiento,praleloa Marco Avellaneda.","","","","false","sin_resultado_en_geocodificadores","",""
"pdf-2026-06-30-197","Sin nombre","Av.Papa Fcoentre Jose Ingenieroy PMiguel Araoz-DELCENTROALNORTE- P.U.393","","16","Av.Papa Fcoentre Jose Ingenieroy PMiguel Araoz-DELCENTROALNORTE-","","","","false","sin_resultado_en_geocodificadores","",""
"pdf-2026-06-30-198","v Centenario","Av.Belgrano4250 COOPERATIVASANTA GUADALUPE","Parque","17","Av.Belgrano 4250 COOPERATIVASANTA GUADALUPE","AV BELGRANO 4250, San Miguel de Tucumán, Capital, Tucumán","","","false","sin_resultado_en_geocodificadores","belgrano|4250",""
"pdf-2026-06-30-199","Rene Favaloro","Bernabe Araoz4000,esquina Rene Favaloro","Parque Sur","18","Bernabe Araoz 4000,esquina Rene Favaloro","","","","false","sin_resultado_en_geocodificadores","",""
"pdf-2026-06-30-200","Las Americas","Federico Helguera1900-Mejico3200","Ampliacion Kennedy","18","Federico Helguera 1900-Mejico 3200","","","","false","sin_resultado_en_geocodificadores","",""
"pdf-2026-06-30-201","B*Policial IV","Fria Silvay Mercedesde Sanmartin- P.U259","B*Policial IV","23","Fria Silvay Mercedesde Sanmartin-","","","","false","sin_resultado_en_geocodificadores","",""
"pdf-2026-06-30-202","Alfredo Palacio","Alfredo Palaciosentre Av.Gobernadordel Campoy Av.Martin Berho PU:314","B°COPIAT","23","Alfredo Palaciosentre Av.Gobernadordel Campoy Av.Martin Berho","","","","false","sin_resultado_en_geocodificadores","",""
"pdf-2026-06-30-203","Juan Manuelde Rosas","Diagonal Padre Montiycalle Luis M.Drago- PU:161 COOPERATIVAELGAUCHO","B*Padre Monti","23","Diagonal Padre Montiycalle Luis M.Drago-","","","","false","sin_resultado_en_geocodificadores","",""
"pdf-2026-06-30-204","Dr.Mario Molina","Inca Garcilaso del a Vega,Pje.Alfredo Nobely Sara Carreras","","19","Inca Garcilaso del a Vega,Pje.Alfredo Nobely Sara Carreras","","","","false","sin_resultado_en_geocodificadores","",""
"pdf-2026-06-30-205","S/N","Colombia4500y E.Echeverria","Farmaceutico","19","Colombia 4500 y E.Echeverria","","","","false","sin_resultado_en_geocodificadores","",""
"pdf-2026-06-30-206","Diagonal90","Diagonal90entre Mejicoy Pje.Tagle","","19","Diagonal 90 entre Mejicoy Pje.Tagle","","","","false","sin_resultado_en_geocodificadores","",""
"pdf-2026-06-30-207","S/N","sabella Catolica1600,esquina Lucas Cordoba","Los Andes","19","sabella Catolica 1600,esquina Lucas Cordoba","","","","false","sin_resultado_en_geocodificadores","",""
"pdf-2026-06-30-208","ESPERANZA","","","19","","","","","false","sin_direccion_consultable","",""
"pdf-2026-06-30-209","Nestor Kirchner","Av.Kirchnerentre Av.Alemy Av.Adolfo dela ega.lncluyeplatabandaangosta","","22","Av.Kirchnerentre Av.Alemy Av.Adolfo dela ega.lncluyeplatabandaangosta","","","","false","sin_resultado_en_geocodificadores","",""
"pdf-2026-06-30-210","Sin nombre","Manuel Estrada4000","Congreso","22","Manuel Estrada 4000","JOSE MANUEL DE ESTRADA 4000, San Miguel de Tucumán, Capital, Tucumán","","","false","nominatim_ignoro_altura","manuel|estrada|4000",""
"pdf-2026-06-30-211","Sin nombre","P.U.284-Km","","22","","","","","false","sin_direccion_consultable","",""
"pdf-2026-06-30-212","Amador Lucero","Amador Lucero/Thamesentre Lavalley San Martin COOPERATIVAAGUAS DEL VALLE TRAMO1DEROCAAINDEPENDENCIA TRAMO2DEINDEPENDENCIAARUTA301","","22","Amador Lucero/Thamesentre Lavalley San Martin COOPERATIVAAGUAS DEL VALLE TRAMO 1 DEROCAAINDEPENDENCIA TRAMO 2 DEINDEPENDENCIAARUTA 301","","","","false","sin_resultado_en_geocodificadores","",""
"pdf-2026-06-30-213","CANALSUR"," TRAMO3DEINDEPENDENCIAACOLON TRAMO4DECOLONAINDEPENDENCIA COOPERATIVACONSTRUNOR","","20","TRAMO 3 DEINDEPENDENCIAACOLON TRAMO 4 DECOLONAINDEPENDENCIA COOPERATIVACONSTRUNOR","","","","false","sin_resultado_en_geocodificadores","",""
"pdf-2026-06-30-214","Alejandro Heredia","Chile3300","Mo del o","21","Chile 3300","CHILE 3300, San Miguel de Tucumán, Capital, Tucumán","","","false","nominatim_ignoro_altura","chile|3300",""
"pdf-2026-06-30-215","Dupuy(ex Navarro)","San Juan4700esquina Martin Rodriguez","Alperovich","21","San Juan 4700 esquina Martin Rodriguez","","","","false","sin_resultado_en_geocodificadores","",""
"pdf-2026-06-30-216","Cristobal Colon","Diegode Rojasy Domingo Matheu3100","Independenciall","21","Diegode Rojasy Domingo Matheu 3100","DOMINGO MATHEU 3100, San Miguel de Tucumán, Capital, Tucumán","","","false","sin_resultado_en_geocodificadores","domingo|matheu|3100",""
"pdf-2026-06-30-217","Dr.Ramon Domingo Auad","Pueyrredon2000y Baunany","SEOC200viviendas","21","","","","","false","sin_direccion_consultable","",""
"pdf-2026-06-30-218","Heroesde Malvinas","Francia1350y Mario Bravo","El Parque","21","Francia 1350 y Mario Bravo","","","","false","sin_resultado_en_geocodificadores","",""
